name;Brand;Model
Ambassador CLASSIC 1500 DSL AC;Ambassador;Classic
Ambassador Classic 2000 DSZ AC PS;Ambassador;Classic
Ambassador Grand 1500 DSZ BSIII;Ambassador;Grand
Ambassador Grand 2000 DSZ PW CL;Ambassador;Grand
Ashok Leyland Stile LE;Ashok;Leyland
Audi A3 35 TDI Premium Plus;Audi;A3
Audi A3 40 TFSI Premium;Audi;A3
Audi A4 1.8 TFSI;Audi;A4
Audi A4 2.0 TDI;Audi;A4
Audi A4 2.0 TDI 177 Bhp Premium Plus;Audi;A4
Audi A4 35 TDI Premium Plus;Audi;A4
Audi A6 2.0 TDI;Audi;A6
Audi A6 2.0 TDI  Design Edition;Audi;A6
Audi A6 2.0 TDI Premium Plus;Audi;A6
Audi A6 2.0 TDI Technology;Audi;A6
Audi A6 35 TFSI Matrix;Audi;A6
Audi Q3 2.0 TDI Quattro Premium Plus;Audi;Q3
Audi Q3 35 TDI Quattro Premium Plus;Audi;Q3
Audi Q3 35 TDI Quattro Technology;Audi;Q3
Audi Q5 2.0 TDI;Audi;Q5
Audi Q5 3.0 TDI Quattro;Audi;Q5
Audi Q5 35TDI Premium Plus;Audi;Q5
Audi Q5 45 TDI quattro Technology;Audi;Q5
Audi Q7 3.0 TDI Quattro;Audi;Q7
Audi Q7 3.0 TDI Quattro Premium Plus;Audi;Q7
Audi Q7 35 TDI Quattro Premium;Audi;Q7
BMW 3 Series 320d;BMW;3
BMW 3 Series 320d Corporate Edition;BMW;3
BMW 3 Series 320d GT Luxury Line;BMW;3
BMW 3 Series 320d Highline;BMW;3
BMW 3 Series 320d Luxury Line;BMW;3
BMW 3 Series 320d Luxury Line Plus;BMW;3
BMW 3 Series 320d Luxury Plus;BMW;3
BMW 3 Series 320d Prestige;BMW;3
BMW 3 Series 320d Sedan;BMW;3
BMW 3 Series GT Luxury Line;BMW;3
BMW 5 Series 520d;BMW;5
BMW 5 Series 520d Luxury Line;BMW;5
BMW 5 Series 520d Sedan;BMW;5
BMW 5 Series 520d Sport Line;BMW;5
BMW 5 Series 523i;BMW;5
BMW 5 Series 525d;BMW;5
BMW 5 Series 530d;BMW;5
BMW 6 Series GT 630d Luxury Line;BMW;6
BMW 7 Series 730Ld;BMW;7
BMW X1 sDrive 20d Sportline;BMW;X1
BMW X1 sDrive 20D xLine;BMW;X1
BMW X1 sDrive20d;BMW;X1
BMW X1 sDrive20d M Sport;BMW;X1
BMW X1 sDrive20i xLine;BMW;X1
BMW X3 xDrive20d;BMW;X3
BMW X4 M Sport X xDrive20d;BMW;X4
BMW X5 3.0d;BMW;X5
BMW X6 xDrive30d;BMW;X6
BMW X7 xDrive 30d DPE;BMW;X7
Chevrolet Aveo 1.4 LS;Chevrolet;Aveo
Chevrolet Aveo U-VA 1.2;Chevrolet;Aveo
Chevrolet Aveo U-VA 1.2 LS;Chevrolet;Aveo
Chevrolet Aveo U-VA 1.2 LT;Chevrolet;Aveo
Chevrolet Beat Diesel;Chevrolet;Beat
Chevrolet Beat Diesel LS;Chevrolet;Beat
Chevrolet Beat Diesel LT;Chevrolet;Beat
Chevrolet Beat Diesel LT Option;Chevrolet;Beat
Chevrolet Beat LS;Chevrolet;Beat
Chevrolet Beat LT;Chevrolet;Beat
Chevrolet Captiva 2.2 LT;Chevrolet;Captiva
Chevrolet Captiva 2.2 LTZ AWD;Chevrolet;Captiva
Chevrolet Captiva LT;Chevrolet;Captiva
Chevrolet Cruze LT;Chevrolet;Cruze
Chevrolet Cruze LTZ;Chevrolet;Cruze
Chevrolet Cruze LTZ AT;Chevrolet;Cruze
Chevrolet Enjoy 1.3 TCDi LS 7;Chevrolet;Enjoy
Chevrolet Enjoy 1.3 TCDi LS 8;Chevrolet;Enjoy
Chevrolet Enjoy 1.3 TCDi LT 8;Chevrolet;Enjoy
Chevrolet Enjoy 1.3 TCDi LTZ 7;Chevrolet;Enjoy
Chevrolet Enjoy 1.3 TCDi LTZ 8;Chevrolet;Enjoy
Chevrolet Enjoy 1.4 LTZ 7;Chevrolet;Enjoy
Chevrolet Enjoy Petrol LS 7 Seater;Chevrolet;Enjoy
Chevrolet Enjoy TCDi LS 8 Seater;Chevrolet;Enjoy
Chevrolet Enjoy TCDi LT 7 Seater;Chevrolet;Enjoy
Chevrolet Enjoy TCDi LTZ 7 Seater;Chevrolet;Enjoy
Chevrolet Optra 1.6 LT Royale;Chevrolet;Optra
Chevrolet Optra Magnum 1.6 LT Petrol;Chevrolet;Optra
Chevrolet Optra Magnum 2.0 LS;Chevrolet;Optra
Chevrolet Optra Magnum 2.0 LS BSIII;Chevrolet;Optra
Chevrolet Optra Magnum 2.0 LT;Chevrolet;Optra
Chevrolet Optra Magnum 2.0 LT BS3;Chevrolet;Optra
Chevrolet Sail 1.2 LS;Chevrolet;Sail
Chevrolet Sail 1.2 LS ABS;Chevrolet;Sail
Chevrolet Sail 1.2 LT ABS;Chevrolet;Sail
Chevrolet Sail 1.3 LS;Chevrolet;Sail
Chevrolet Sail Hatchback 1.2;Chevrolet;Sail
Chevrolet Sail Hatchback 1.2 LS;Chevrolet;Sail
Chevrolet Sail Hatchback Diesel;Chevrolet;Sail
Chevrolet Sail Hatchback Diesel Base;Chevrolet;Sail
Chevrolet Sail Hatchback LS ABS;Chevrolet;Sail
Chevrolet Sail Hatchback LT ABS;Chevrolet;Sail
Chevrolet Sail Hatchback Petrol;Chevrolet;Sail
Chevrolet Sail Hatchback Petrol LS ABS;Chevrolet;Sail
Chevrolet Sail LT ABS;Chevrolet;Sail
Chevrolet Spark 1.0;Chevrolet;Spark
Chevrolet Spark 1.0 E;Chevrolet;Spark
Chevrolet Spark 1.0 LS;Chevrolet;Spark
Chevrolet Spark 1.0 LT;Chevrolet;Spark
Chevrolet Spark 1.0 LT LPG;Chevrolet;Spark
Chevrolet Spark 1.0 LT Option Pack w/ Airbag;Chevrolet;Spark
Chevrolet Spark 1.0 PS;Chevrolet;Spark
Chevrolet Spark 1.0 PS LPG;Chevrolet;Spark
Chevrolet Tavera B1-10 seats BSII;Chevrolet;Tavera
Chevrolet Tavera B2 8 Seats BSIII;Chevrolet;Tavera
Chevrolet Tavera B3 LT L1 10 Seats BSIII;Chevrolet;Tavera
Chevrolet Tavera LS B3 10 Seats BSII;Chevrolet;Tavera
Chevrolet Tavera Neo 3 10 Seats BSIII;Chevrolet;Tavera
Chevrolet Tavera Neo 3 9 Str BSIII;Chevrolet;Tavera
Chevrolet Tavera Neo 3 LS 10 Seats BSIII;Chevrolet;Tavera
Chevrolet Tavera Neo 3 LS 10 Str;Chevrolet;Tavera
Chevrolet Tavera Neo 3 LS 9 Str BSIII;Chevrolet;Tavera
Chevrolet Tavera Neo 3 LT 9 Seats BSIII;Chevrolet;Tavera
Chevrolet Tavera Neo 3 LT 9 Seats BSIV;Chevrolet;Tavera
Chevrolet Tavera Neo LS B3 - 10 seats BSIII;Chevrolet;Tavera
Chevrolet Tavera Neo LS B3 - 7(C) seats BSIII;Chevrolet;Tavera
Chevrolet Tavera Neo LT-L - 9 seats BSII;Chevrolet;Tavera
Chevrolet Trailblazer LTZ 4X2 AT;Chevrolet;Trailblazer
Daewoo Matiz SD;Daewoo;Matiz
Daewoo Matiz SS;Daewoo;Matiz
Datsun GO A;Datsun;Go
Datsun GO A EPS;Datsun;Go
Datsun GO A Option Petrol;Datsun;Go
Datsun GO A Petrol;Datsun;Go
Datsun GO Anniversary Edition;Datsun;Go
Datsun GO D;Datsun;Go
Datsun GO D Petrol;Datsun;Go
Datsun GO Plus A;Datsun;Go
Datsun GO Plus A Option Petrol;Datsun;Go
Datsun GO Plus Anniversary Edition;Datsun;Go
Datsun GO Plus D;Datsun;Go
Datsun GO Plus D1;Datsun;Go
Datsun GO Plus T;Datsun;Go
Datsun GO Plus T BSIV;Datsun;Go
Datsun GO Plus T Option BSIV;Datsun;Go
Datsun GO Plus T VDC;Datsun;Go
Datsun GO T BSIV;Datsun;Go
Datsun GO T Option;Datsun;Go
Datsun GO T Option BSIV;Datsun;Go
Datsun GO T Petrol;Datsun;Go
Datsun RediGO 1.0 S;Datsun;Redigo
Datsun RediGO 1.0 T Option;Datsun;Redigo
Datsun RediGO A;Datsun;Redigo
Datsun RediGO AMT 1.0 S;Datsun;Redigo
Datsun RediGO S;Datsun;Redigo
Datsun RediGO Sport;Datsun;Redigo
Datsun RediGO SV 1.0;Datsun;Redigo
Datsun RediGO T;Datsun;Redigo
Datsun RediGO T Option;Datsun;Redigo
Fiat Avventura MULTIJET Emotion;Fiat;Avventura
Fiat Avventura Power Up 1.3 Active;Fiat;Avventura
Fiat Avventura Power Up 1.3 Emotion;Fiat;Avventura
Fiat Grande Punto 1.3 Dynamic (Diesel);Fiat;Grande
Fiat Grande Punto 1.3 Emotion (Diesel);Fiat;Grande
Fiat Grande Punto 1.3 Emotion Pack 90HP (Diesel);Fiat;Grande
Fiat Grande Punto 1.4 Emotion;Fiat;Grande
Fiat Grande Punto Active (Diesel);Fiat;Grande
Fiat Grande Punto EVO 1.2 Dynamic;Fiat;Grande
Fiat Grande Punto EVO 1.3 Active;Fiat;Grande
Fiat Grande Punto EVO 1.3 Dynamic;Fiat;Grande
Fiat Grande Punto Sport 90BHP;Fiat;Grande
Fiat Linea 1.3 Active;Fiat;Linea
Fiat Linea 1.3 Multijet Active;Fiat;Linea
Fiat Linea 1.3 Multijet Emotion;Fiat;Linea
Fiat Linea Classic 1.3 Multijet;Fiat;Linea
Fiat Linea Classic Plus 1.3 Multijet;Fiat;Linea
Fiat Linea Emotion;Fiat;Linea
Fiat Linea Emotion (Diesel);Fiat;Linea
Fiat Palio 1.2;Fiat;Palio
Fiat Palio 1.2 ELX;Fiat;Palio
Fiat Punto 1.2 Active;Fiat;Punto
Fiat Punto 1.3 Emotion;Fiat;Punto
Fiat Punto EVO 1.3 Emotion;Fiat;Punto
Fiat Punto Pure 1.2L FIRE;Fiat;Punto
Force Gurkha Hard Top BS3 4WD;Force;Gurkha
Force One EX;Force;One
Force One SX ABS 7 Seating;Force;One
Ford Aspire Titanium BSIV;Ford;Aspire
Ford Aspire Titanium Diesel BSIV;Ford;Aspire
Ford Aspire Trend Diesel BSIV;Ford;Aspire
Ford Aspire Trend Plus;Ford;Aspire
Ford Classic 1.4 Duratorq CLXI;Ford;Classic
Ford Classic 1.4 Duratorq Titanium;Ford;Classic
Ford Classic 1.6 Duratec CLXI;Ford;Classic
Ford Classic 1.6 Duratec LXI;Ford;Classic
Ford Classic 1.6 Duratec Titanium;Ford;Classic
Ford Ecosport 1.0 Ecoboost Titanium Optional;Ford;Ecosport
Ford EcoSport 1.5 Diesel Ambiente BSIV;Ford;Ecosport
Ford Ecosport 1.5 Diesel Titanium;Ford;Ecosport
Ford EcoSport 1.5 Diesel Titanium BSIV;Ford;Ecosport
Ford EcoSport 1.5 Diesel Titanium Plus BSIV;Ford;Ecosport
Ford Ecosport 1.5 Diesel Trend;Ford;Ecosport
Ford EcoSport 1.5 Diesel Trend BSIV;Ford;Ecosport
Ford EcoSport 1.5 Diesel Trend Plus BSIV;Ford;Ecosport
Ford Ecosport 1.5 DV5 MT Titanium;Ford;Ecosport
Ford Ecosport 1.5 DV5 MT Titanium Optional;Ford;Ecosport
Ford Ecosport 1.5 DV5 MT Trend;Ford;Ecosport
Ford Ecosport 1.5 Petrol Ambiente;Ford;Ecosport
Ford EcoSport 1.5 Petrol Ambiente BSIV;Ford;Ecosport
Ford Ecosport 1.5 Petrol Titanium;Ford;Ecosport
Ford EcoSport 1.5 Petrol Titanium BSIV;Ford;Ecosport
Ford EcoSport 1.5 Petrol Titanium Plus BSIV;Ford;Ecosport
Ford EcoSport 1.5 Petrol Trend BSIV;Ford;Ecosport
Ford EcoSport 1.5 TDCi Ambiente BSIV;Ford;Ecosport
Ford EcoSport 1.5 TDCi Platinum Edition BSIV;Ford;Ecosport
Ford EcoSport 1.5 TDCi Signature BSIV;Ford;Ecosport
Ford EcoSport 1.5 TDCi Titanium BE BSIV;Ford;Ecosport
Ford EcoSport 1.5 TDCi Titanium BSIV;Ford;Ecosport
Ford EcoSport 1.5 TDCi Titanium Plus BE BSIV;Ford;Ecosport
Ford EcoSport 1.5 TDCi Titanium Plus BSIV;Ford;Ecosport
Ford EcoSport 1.5 TDCi Trend Plus BSIV;Ford;Ecosport
Ford Ecosport 1.5 Ti VCT AT Titanium;Ford;Ecosport
Ford EcoSport 1.5 Ti VCT AT Titanium BE BSIV;Ford;Ecosport
Ford EcoSport 1.5 Ti VCT AT Titanium BSIV;Ford;Ecosport
Ford Ecosport 1.5 Ti VCT MT Titanium;Ford;Ecosport
Ford EcoSport 1.5 Ti VCT MT Titanium BSIV;Ford;Ecosport
Ford EcoSport 1.5 Ti VCT MT Trend BSIV;Ford;Ecosport
Ford EcoSport S Diesel BSIV;Ford;Ecosport
Ford Ecosport Sports Diesel;Ford;Ecosport
Ford Endeavour 2.2 Titanium AT 4X2;Ford;Endeavour
Ford Endeavour 2.5L 4X2;Ford;Endeavour
Ford Endeavour 2.5L 4X2 MT;Ford;Endeavour
Ford Endeavour 3.0L 4X2 AT;Ford;Endeavour
Ford Endeavour 3.0L 4X4 AT;Ford;Endeavour
Ford Endeavour 3.2 Titanium AT 4X4;Ford;Endeavour
Ford Endeavour 4x2 XLT Limited Edition;Ford;Endeavour
Ford Endeavour Hurricane Limited Edition;Ford;Endeavour
Ford Fiesta 1.4 Durasport EXI;Ford;Fiesta
Ford Fiesta 1.4 Duratec EXI;Ford;Fiesta
Ford Fiesta 1.4 Duratec EXI Limited Edition;Ford;Fiesta
Ford Fiesta 1.4 Duratec ZXI;Ford;Fiesta
Ford Fiesta 1.4 Duratorq EXI;Ford;Fiesta
Ford Fiesta 1.4 Duratorq ZXI;Ford;Fiesta
Ford Fiesta 1.4 SXi TDCi;Ford;Fiesta
Ford Fiesta 1.4 SXi TDCi ABS;Ford;Fiesta
Ford Fiesta 1.4 TDCi EXI;Ford;Fiesta
Ford Fiesta 1.4 ZXi Duratec;Ford;Fiesta
Ford Fiesta 1.4 ZXi TDCi ABS;Ford;Fiesta
Ford Fiesta 1.4 ZXi TDCi LE;Ford;Fiesta
Ford Fiesta 1.4 ZXi TDCi Limited Edition;Ford;Fiesta
Ford Fiesta 1.5 TDCi Ambiente;Ford;Fiesta
Ford Fiesta 1.5 TDCi Titanium;Ford;Fiesta
Ford Fiesta 1.5 TDCi Trend;Ford;Fiesta
Ford Fiesta 1.6 Duratec EXI;Ford;Fiesta
Ford Fiesta 1.6 SXI ABS Duratec;Ford;Fiesta
Ford Fiesta 1.6 ZXi ABS;Ford;Fiesta
Ford Fiesta Classic 1.4 Duratorq CLXI;Ford;Fiesta
Ford Fiesta Classic 1.4 Duratorq LXI;Ford;Fiesta
Ford Fiesta Classic 1.4 SXI Duratorq;Ford;Fiesta
Ford Fiesta Classic 1.6 Duratec CLXI;Ford;Fiesta
Ford Fiesta Classic 1.6 Duratec LXI;Ford;Fiesta
Ford Fiesta Classic 1.6 SXI Duratec;Ford;Fiesta
Ford Fiesta Diesel Style;Ford;Fiesta
Ford Fiesta EXi 1.4 TDCi Ltd;Ford;Fiesta
Ford Fiesta Titanium 1.5 TDCi;Ford;Fiesta
Ford Figo 1.2P Ambiente MT;Ford;Figo
Ford Figo 1.2P Sports Edition MT;Ford;Figo
Ford Figo 1.2P Titanium MT;Ford;Figo
Ford Figo 1.2P Titanium Opt MT;Ford;Figo
Ford Figo 1.2P Titanium Plus MT;Ford;Figo
Ford Figo 1.2P Trend MT;Ford;Figo
Ford Figo 1.5 Sports Edition MT;Ford;Figo
Ford Figo 1.5D Ambiente MT;Ford;Figo
Ford Figo 1.5D Base MT;Ford;Figo
Ford Figo 1.5D Titanium MT;Ford;Figo
Ford Figo 1.5D Titanium Opt MT;Ford;Figo
Ford Figo 1.5D Trend MT;Ford;Figo
Ford Figo 1.5P Titanium AT;Ford;Figo
Ford Figo Aspire 1.2 Ti-VCT Sports Edition;Ford;Figo
Ford Figo Aspire 1.2 Ti-VCT Titanium;Ford;Figo
Ford Figo Aspire 1.2 Ti-VCT Titanium Plus;Ford;Figo
Ford Figo Aspire 1.2 Ti-VCT Trend;Ford;Figo
Ford Figo Aspire 1.5 TDCi Ambiente;Ford;Figo
Ford Figo Aspire 1.5 TDCi Sports Edition;Ford;Figo
Ford Figo Aspire 1.5 TDCi Titanium;Ford;Figo
Ford Figo Aspire 1.5 TDCi Titanium Opt;Ford;Figo
Ford Figo Aspire 1.5 TDCi Trend;Ford;Figo
Ford Figo Aspire 1.5 Ti-VCT Titanium;Ford;Figo
Ford Figo Aspire Facelift;Ford;Figo
Ford Figo Aspire Titanium;Ford;Figo
Ford Figo Aspire Titanium Diesel;Ford;Figo
Ford Figo Diesel Celebration Edition;Ford;Figo
Ford Figo Diesel EXI;Ford;Figo
Ford Figo Diesel EXI Option;Ford;Figo
Ford Figo Diesel LXI;Ford;Figo
Ford Figo Diesel Titanium;Ford;Figo
Ford Figo Diesel ZXI;Ford;Figo
Ford Figo Petrol EXI;Ford;Figo
Ford Figo Petrol LXI;Ford;Figo
Ford Figo Petrol Titanium;Ford;Figo
Ford Figo Petrol ZXI;Ford;Figo
Ford Figo Titanium Blu;Ford;Figo
Ford Figo Titanium Diesel;Ford;Figo
Ford Figo Titanium Diesel BSIV;Ford;Figo
Ford Freestyle Titanium Diesel;Ford;Freestyle
Ford Freestyle Titanium Diesel BSIV;Ford;Freestyle
Ford Freestyle Titanium Petrol BSIV;Ford;Freestyle
Ford Freestyle Titanium Plus Diesel;Ford;Freestyle
Ford Freestyle Titanium Plus Diesel BSIV;Ford;Freestyle
Ford Freestyle Titanium Plus Petrol BSIV;Ford;Freestyle
Ford Freestyle Trend Diesel;Ford;Freestyle
Ford Freestyle Trend Diesel BSIV;Ford;Freestyle
Ford Freestyle Trend Petrol BSIV;Ford;Freestyle
Ford Fusion 1.4 TDCi Diesel;Ford;Fusion
Ford Fusion Plus 1.4 TDCi Diesel;Ford;Fusion
Ford Ikon 1.3 CLXi;Ford;Ikon
Ford Ikon 1.3 Flair;Ford;Ikon
Ford Ikon 1.4 TDCi DuraTorq;Ford;Ikon
Ford Ikon 1.6 EXi NXt;Ford;Ikon
Ford Ikon 1.6 Nxt;Ford;Ikon
Ford Ikon 1.6 Really Sport;Ford;Ikon
Ford Ikon 1.8 D;Ford;Ikon
Honda Accord 2.4 A/T;Honda;Accord
Honda Accord 2.4 AT;Honda;Accord
Honda Accord 2.4 M/T;Honda;Accord
Honda Accord 2.4 MT;Honda;Accord
Honda Accord V6 AT;Honda;Accord
Honda Accord VTi-L MT;Honda;Accord
Honda Amaze Anniversary Edition;Honda;Amaze
Honda Amaze E Diesel BSIV;Honda;Amaze
Honda Amaze E i-DTEC;Honda;Amaze
Honda Amaze E i-Dtech;Honda;Amaze
Honda Amaze E i-VTEC;Honda;Amaze
Honda Amaze E Option i-DTEC;Honda;Amaze
Honda Amaze EX i-Vtech;Honda;Amaze
Honda Amaze i-VTEC Privilege Edition;Honda;Amaze
Honda Amaze S AT i-Vtech;Honda;Amaze
Honda Amaze S CVT Diesel BSIV;Honda;Amaze
Honda Amaze S CVT i-VTEC;Honda;Amaze
Honda Amaze S CVT Petrol BSIV;Honda;Amaze
Honda Amaze S Diesel;Honda;Amaze
Honda Amaze S Diesel BSIV;Honda;Amaze
Honda Amaze S i-DTEC;Honda;Amaze
Honda Amaze S i-Dtech;Honda;Amaze
Honda Amaze S i-VTEC;Honda;Amaze
Honda Amaze S i-Vtech;Honda;Amaze
Honda Amaze S Option i-DTEC;Honda;Amaze
Honda Amaze S Petrol BSIV;Honda;Amaze
Honda Amaze SX i-DTEC;Honda;Amaze
Honda Amaze V CVT Petrol BSIV;Honda;Amaze
Honda Amaze V Petrol BSIV;Honda;Amaze
Honda Amaze VX Diesel BSIV;Honda;Amaze
Honda Amaze VX i-DTEC;Honda;Amaze
Honda Amaze VX i-VTEC;Honda;Amaze
Honda Amaze VX O iDTEC;Honda;Amaze
Honda Amaze VX Petrol BSIV;Honda;Amaze
Honda Brio 1.2 E MT;Honda;Brio
Honda Brio 1.2 S MT;Honda;Brio
Honda Brio 1.2 VX MT;Honda;Brio
Honda Brio E MT;Honda;Brio
Honda Brio Exclusive Edition;Honda;Brio
Honda Brio S MT;Honda;Brio
Honda Brio V MT;Honda;Brio
Honda BR-V i-DTEC S MT;Honda;Br-V
Honda BRV i-DTEC V MT;Honda;Brv
Honda BR-V i-DTEC VX MT;Honda;Br-V
Honda BR-V i-VTEC E MT;Honda;Br-V
Honda BR-V i-VTEC S MT;Honda;Br-V
Honda BRV i-VTEC V CVT;Honda;Brv
Honda BRV i-VTEC V MT;Honda;Brv
Honda BR-V i-VTEC VX MT;Honda;Br-V
Honda City 1.3 EXI;Honda;City
Honda City 1.5 E MT;Honda;City
Honda City 1.5 EXI;Honda;City
Honda City 1.5 GXI;Honda;City
Honda City 1.5 GXI CVT;Honda;City
Honda City 1.5 S Inspire;Honda;City
Honda City 1.5 S MT;Honda;City
Honda City 1.5 V AT;Honda;City
Honda City 1.5 V Elegance;Honda;City
Honda City 1.5 V Inspire;Honda;City
Honda City 1.5 V MT;Honda;City
Honda City 1.5 V MT Exclusive;Honda;City
Honda City 1.5 V MT Sunroof;Honda;City
Honda City 2017-2020 EXi;Honda;City
Honda City 2017-2020 GXi;Honda;City
Honda City 2017-2020 VTEC;Honda;City
Honda City Corporate Edition;Honda;City
Honda City E;Honda;City
Honda City i DTec E;Honda;City
Honda City i DTEC S;Honda;City
Honda City i DTEC SV;Honda;City
Honda City i DTEC V;Honda;City
Honda City i DTEC VX;Honda;City
Honda City i DTEC VX Option;Honda;City
Honda City i VTEC CVT SV;Honda;City
Honda City i VTEC CVT VX;Honda;City
Honda City i VTEC E;Honda;City
Honda City i VTEC S;Honda;City
Honda City i VTEC SV;Honda;City
Honda City i VTEC V;Honda;City
Honda City i VTEC VX;Honda;City
Honda City i VTEC VX Option;Honda;City
Honda City i VTEC VX Option BL;Honda;City
Honda City i-DTEC V;Honda;City
Honda City i-DTEC VX;Honda;City
Honda City i-DTEC ZX;Honda;City
Honda City i-VTEC CVT V;Honda;City
Honda City i-VTEC CVT VX;Honda;City
Honda City i-VTEC CVT ZX;Honda;City
Honda City i-VTEC S;Honda;City
Honda City i-VTEC V;Honda;City
Honda City i-VTEC VX;Honda;City
Honda City S;Honda;City
Honda City V AT;Honda;City
Honda City V MT;Honda;City
Honda City VX CVT;Honda;City
Honda City ZXi AT;Honda;City
Honda Civic 1.8 (E) MT;Honda;Civic
Honda Civic 1.8 S AT;Honda;Civic
Honda Civic 1.8 S MT;Honda;Civic
Honda Civic 1.8 V AT;Honda;Civic
Honda Civic 1.8 V MT;Honda;Civic
Honda Civic 1.8 V MT Inspire;Honda;Civic
Honda Civic Hybrid;Honda;Civic
Honda Civic ZX;Honda;Civic
Honda Civic ZX Diesel BSIV;Honda;Civic
Honda CR-V 2.0L 2WD AT;Honda;Cr-V
Honda CR-V 2.4 4WD AT;Honda;Cr-V
Honda CR-V 2.4L 4WD;Honda;Cr-V
Honda CR-V 2.4L 4WD AT;Honda;Cr-V
Honda CR-V 2.4L 4WD AT AVN;Honda;Cr-V
Honda CR-V 2.4L 4WD MT;Honda;Cr-V
Honda Jazz 1.2 S AT i VTEC;Honda;Jazz
Honda Jazz 1.2 S i VTEC;Honda;Jazz
Honda Jazz 1.2 SV i VTEC;Honda;Jazz
Honda Jazz 1.2 V AT i VTEC;Honda;Jazz
Honda Jazz 1.2 V AT i VTEC Privilege;Honda;Jazz
Honda Jazz 1.2 V i VTEC;Honda;Jazz
Honda Jazz 1.2 VX i VTEC;Honda;Jazz
Honda Jazz 1.5 E i DTEC;Honda;Jazz
Honda Jazz 1.5 S i DTEC;Honda;Jazz
Honda Jazz 1.5 V i DTEC;Honda;Jazz
Honda Jazz 1.5 VX i DTEC;Honda;Jazz
Honda Jazz Basic;Honda;Jazz
Honda Jazz Select Edition Active;Honda;Jazz
Honda Jazz V;Honda;Jazz
Honda Jazz V CVT;Honda;Jazz
Honda Jazz V Diesel;Honda;Jazz
Honda Jazz VX;Honda;Jazz
Honda Jazz VX CVT;Honda;Jazz
Honda Jazz VX Diesel;Honda;Jazz
Honda Mobilio RS i DTEC;Honda;Mobilio
Honda Mobilio RS Option i DTEC;Honda;Mobilio
Honda Mobilio S i DTEC;Honda;Mobilio
Honda Mobilio S i VTEC;Honda;Mobilio
Honda Mobilio V i DTEC;Honda;Mobilio
Honda Mobilio V i VTEC;Honda;Mobilio
Honda WR-V i-DTEC S;Honda;Wr-V
Honda WR-V i-DTEC VX;Honda;Wr-V
Honda WR-V i-VTEC S;Honda;Wr-V
Honda WR-V i-VTEC VX;Honda;Wr-V
Hyundai Accent CRDi;Hyundai;Accent
Hyundai Accent DLS;Hyundai;Accent
Hyundai Accent Executive;Hyundai;Accent
Hyundai Accent Executive CNG;Hyundai;Accent
Hyundai Accent Executive LPG;Hyundai;Accent
Hyundai Accent GLE;Hyundai;Accent
Hyundai Accent GLE CNG;Hyundai;Accent
Hyundai Accent GLS;Hyundai;Accent
Hyundai Accent GLS 1.6;Hyundai;Accent
Hyundai Accent GLS 1.6 ABS;Hyundai;Accent
Hyundai Accent GLX;Hyundai;Accent
Hyundai Accent Gvs;Hyundai;Accent
Hyundai Accent VIVA CRDi;Hyundai;Accent
Hyundai Creta 1.4 CRDi Base;Hyundai;Creta
Hyundai Creta 1.4 CRDi S;Hyundai;Creta
Hyundai Creta 1.4 CRDi S Plus;Hyundai;Creta
Hyundai Creta 1.4 E Plus;Hyundai;Creta
Hyundai Creta 1.4 EX Diesel;Hyundai;Creta
Hyundai Creta 1.6 CRDi Anniversary Edition;Hyundai;Creta
Hyundai Creta 1.6 CRDi AT S Plus;Hyundai;Creta
Hyundai Creta 1.6 CRDi AT SX Plus;Hyundai;Creta
Hyundai Creta 1.6 CRDi SX;Hyundai;Creta
Hyundai Creta 1.6 CRDi SX Option;Hyundai;Creta
Hyundai Creta 1.6 CRDi SX Plus;Hyundai;Creta
Hyundai Creta 1.6 CRDi SX Plus Dual Tone;Hyundai;Creta
Hyundai Creta 1.6 Gamma SX Plus;Hyundai;Creta
Hyundai Creta 1.6 SX;Hyundai;Creta
Hyundai Creta 1.6 SX Automatic;Hyundai;Creta
Hyundai Creta 1.6 SX Automatic Diesel;Hyundai;Creta
Hyundai Creta 1.6 SX Diesel;Hyundai;Creta
Hyundai Creta 1.6 SX Option;Hyundai;Creta
Hyundai Creta 1.6 SX Option Executive;Hyundai;Creta
Hyundai Creta 1.6 VTVT E Plus;Hyundai;Creta
Hyundai Creta 1.6 VTVT S;Hyundai;Creta
Hyundai Elantra CRDi;Hyundai;Elantra
Hyundai Elantra CRDi SX;Hyundai;Elantra
Hyundai Elantra CRDi SX Option AT;Hyundai;Elantra
Hyundai Elantra GLS;Hyundai;Elantra
Hyundai Elantra GT;Hyundai;Elantra
Hyundai Elantra S;Hyundai;Elantra
Hyundai Elantra SX;Hyundai;Elantra
Hyundai Elantra SX AT;Hyundai;Elantra
Hyundai Elite i20 Asta Option BSIV;Hyundai;Elite
Hyundai Elite i20 Asta Option CVT BSIV;Hyundai;Elite
Hyundai Elite i20 Asta Option Diesel;Hyundai;Elite
Hyundai Elite i20 Diesel Sportz;Hyundai;Elite
Hyundai Elite i20 Magna Plus BSIV;Hyundai;Elite
Hyundai Elite i20 Petrol Asta;Hyundai;Elite
Hyundai Elite i20 Petrol Asta Option;Hyundai;Elite
Hyundai Elite i20 Petrol CVT Magna Executive;Hyundai;Elite
Hyundai Elite i20 Petrol Magna Exective;Hyundai;Elite
Hyundai Elite i20 Petrol Sportz;Hyundai;Elite
Hyundai Elite i20 Sportz Plus BSIV;Hyundai;Elite
Hyundai Elite i20 Sportz Plus CVT BSIV;Hyundai;Elite
Hyundai Elite i20 Sportz Plus Diesel;Hyundai;Elite
Hyundai Elite i20 Sportz Plus Dual Tone BSIV;Hyundai;Elite
Hyundai EON 1.0 Era Plus;Hyundai;Eon
Hyundai EON 1.0 Kappa Magna Plus;Hyundai;Eon
Hyundai EON 1.0 Kappa Magna Plus Optional;Hyundai;Eon
Hyundai EON 1.0 Magna Plus Option O;Hyundai;Eon
Hyundai EON D Lite;Hyundai;Eon
Hyundai EON D Lite Plus;Hyundai;Eon
Hyundai EON D Lite Plus Option;Hyundai;Eon
Hyundai EON Era;Hyundai;Eon
Hyundai EON Era Plus;Hyundai;Eon
Hyundai EON Era Plus Sports Edition;Hyundai;Eon
Hyundai EON LPG Era Plus;Hyundai;Eon
Hyundai EON Magna Optional;Hyundai;Eon
Hyundai EON Magna Plus;Hyundai;Eon
Hyundai EON Magna Plus Option;Hyundai;Eon
Hyundai EON Sportz;Hyundai;Eon
Hyundai Getz 1.1 GLE;Hyundai;Getz
Hyundai Getz 1.1 GVS;Hyundai;Getz
Hyundai Getz 1.3 GVS;Hyundai;Getz
Hyundai Getz 1.5 CRDi GVS;Hyundai;Getz
Hyundai Getz GLE;Hyundai;Getz
Hyundai Getz GLS;Hyundai;Getz
Hyundai Getz GLX;Hyundai;Getz
Hyundai Grand i10 1.2 CRDi Asta;Hyundai;Grand
Hyundai Grand i10 1.2 CRDi Magna;Hyundai;Grand
Hyundai Grand i10 1.2 CRDi Sportz;Hyundai;Grand
Hyundai Grand i10 1.2 CRDi Sportz Option;Hyundai;Grand
Hyundai Grand i10 1.2 Kappa Asta;Hyundai;Grand
Hyundai Grand i10 1.2 Kappa Era;Hyundai;Grand
Hyundai Grand i10 1.2 Kappa Magna AT;Hyundai;Grand
Hyundai Grand i10 1.2 Kappa Magna BSIV;Hyundai;Grand
Hyundai Grand i10 1.2 Kappa Sportz AT;Hyundai;Grand
Hyundai Grand i10 1.2 Kappa Sportz BSIV;Hyundai;Grand
Hyundai Grand i10 1.2 Kappa Sportz Dual Tone;Hyundai;Grand
Hyundai Grand i10 1.2 Kappa Sportz Option;Hyundai;Grand
Hyundai Grand i10 Asta;Hyundai;Grand
Hyundai Grand i10 Asta Option;Hyundai;Grand
Hyundai Grand i10 AT Asta;Hyundai;Grand
Hyundai Grand i10 AT Sportz;Hyundai;Grand
Hyundai Grand i10 CRDi Asta;Hyundai;Grand
Hyundai Grand i10 CRDi Asta Option;Hyundai;Grand
Hyundai Grand i10 CRDi Magna;Hyundai;Grand
Hyundai Grand i10 CRDi Sportz;Hyundai;Grand
Hyundai Grand i10 CRDi SportZ Edition;Hyundai;Grand
Hyundai Grand i10 Magna;Hyundai;Grand
Hyundai Grand i10 Magna AT;Hyundai;Grand
Hyundai Grand i10 Nios AMT Sportz;Hyundai;Grand
Hyundai Grand i10 Nios Sportz;Hyundai;Grand
Hyundai Grand i10 Sportz;Hyundai;Grand
Hyundai Grand i10 Sportz Celebration Edition;Hyundai;Grand
Hyundai Grand i10 SportZ Edition;Hyundai;Grand
Hyundai i10 Asta;Hyundai;I10
Hyundai i10 Asta Sunroof AT;Hyundai;I10
Hyundai i10 Era;Hyundai;I10
Hyundai i10 Era 1.1;Hyundai;I10
Hyundai i10 Era 1.1 iTech SE;Hyundai;I10
Hyundai i10 LPG;Hyundai;I10
Hyundai i10 Magna;Hyundai;I10
Hyundai i10 Magna 1.1L;Hyundai;I10
Hyundai i10 Magna 1.2 iTech SE;Hyundai;I10
Hyundai i10 Magna LPG;Hyundai;I10
Hyundai i10 Sportz;Hyundai;I10
Hyundai i10 Sportz 1.1L;Hyundai;I10
Hyundai i10 Sportz 1.1L LPG;Hyundai;I10
Hyundai i10 Sportz 1.2;Hyundai;I10
Hyundai i10 Sportz 1.2 AT;Hyundai;I10
Hyundai i10 Sportz AT;Hyundai;I10
Hyundai i10 Sportz Option;Hyundai;I10
Hyundai i20 1.2 Asta;Hyundai;I20
Hyundai i20 1.2 Asta Dual Tone;Hyundai;I20
Hyundai i20 1.2 Asta Option;Hyundai;I20
Hyundai i20 1.2 Magna;Hyundai;I20
Hyundai i20 1.2 Magna Executive;Hyundai;I20
Hyundai i20 1.2 Sportz;Hyundai;I20
Hyundai i20 1.2 Spotz;Hyundai;I20
Hyundai i20 1.4 Asta;Hyundai;I20
Hyundai i20 1.4 Asta (AT);Hyundai;I20
Hyundai i20 1.4 Asta Dual Tone;Hyundai;I20
Hyundai i20 1.4 Asta Option;Hyundai;I20
Hyundai i20 1.4 CRDi Asta;Hyundai;I20
Hyundai i20 1.4 CRDi Era;Hyundai;I20
Hyundai i20 1.4 CRDi Magna;Hyundai;I20
Hyundai i20 1.4 CRDi Sportz;Hyundai;I20
Hyundai i20 1.4 Magna AT;Hyundai;I20
Hyundai i20 1.4 Sportz;Hyundai;I20
Hyundai i20 2015-2017 Asta 1.2;Hyundai;I20
Hyundai i20 2015-2017 Asta 1.4 CRDi;Hyundai;I20
Hyundai i20 2015-2017 Asta Option 1.2;Hyundai;I20
Hyundai i20 2015-2017 Asta Option 1.4 CRDi;Hyundai;I20
Hyundai i20 2015-2017 Magna 1.2;Hyundai;I20
Hyundai i20 2015-2017 Magna 1.4 CRDi;Hyundai;I20
Hyundai i20 2015-2017 Sportz 1.2;Hyundai;I20
Hyundai i20 2015-2017 Sportz 1.4 CRDi;Hyundai;I20
Hyundai i20 2015-2017 Sportz Option 1.2;Hyundai;I20
Hyundai i20 2015-2017 Sportz Option 1.4 CRDi;Hyundai;I20
Hyundai i20 Active 1.2;Hyundai;I20
Hyundai i20 Active 1.2 S;Hyundai;I20
Hyundai i20 Active 1.2 SX;Hyundai;I20
Hyundai i20 Active 1.2 SX Dual Tone;Hyundai;I20
Hyundai i20 Active 1.2 SX with AVN;Hyundai;I20
Hyundai i20 Active 1.4;Hyundai;I20
Hyundai i20 Active 1.4 S;Hyundai;I20
Hyundai i20 Active 1.4 SX;Hyundai;I20
Hyundai i20 Active 1.4 SX Dual Tone;Hyundai;I20
Hyundai i20 Active 1.4 SX with AVN;Hyundai;I20
Hyundai i20 Active Base Petrol;Hyundai;I20
Hyundai i20 Active S Diesel;Hyundai;I20
Hyundai i20 Active S Petrol;Hyundai;I20
Hyundai i20 Active SX Diesel;Hyundai;I20
Hyundai i20 Active SX Petrol;Hyundai;I20
Hyundai i20 Asta;Hyundai;I20
Hyundai i20 Asta (o);Hyundai;I20
Hyundai i20 Asta (o) 1.4 CRDi (Diesel);Hyundai;I20
Hyundai i20 Asta 1.2;Hyundai;I20
Hyundai i20 Asta 1.4 CRDi;Hyundai;I20
Hyundai i20 Asta 1.4 CRDi (Diesel);Hyundai;I20
Hyundai i20 Asta Option 1.2;Hyundai;I20
Hyundai i20 Asta Option 1.4 CRDi;Hyundai;I20
Hyundai i20 Asta Optional With Sunroof 1.2;Hyundai;I20
Hyundai i20 Diesel Asta Option;Hyundai;I20
Hyundai i20 Era 1.2;Hyundai;I20
Hyundai i20 Era 1.4 CRDi;Hyundai;I20
Hyundai i20 Era Diesel;Hyundai;I20
Hyundai i20 Magna;Hyundai;I20
Hyundai i20 Magna 1.2;Hyundai;I20
Hyundai i20 Magna 1.4 CRDi;Hyundai;I20
Hyundai i20 Magna 1.4 CRDi (Diesel);Hyundai;I20
Hyundai i20 Magna Optional 1.2;Hyundai;I20
Hyundai i20 Magna Optional 1.4 CRDi;Hyundai;I20
Hyundai i20 Petrol CVT Asta;Hyundai;I20
Hyundai i20 Sportz 1.2;Hyundai;I20
Hyundai i20 Sportz 1.4 CRDi;Hyundai;I20
Hyundai i20 Sportz AT 1.4;Hyundai;I20
Hyundai i20 Sportz Diesel;Hyundai;I20
Hyundai i20 Sportz Option 1.2;Hyundai;I20
Hyundai i20 Sportz Option 1.4 CRDi;Hyundai;I20
Hyundai Santa Fe 2WD AT;Hyundai;Santa
Hyundai Santa Fe 2WD MT;Hyundai;Santa
Hyundai Santa Fe 4WD AT;Hyundai;Santa
Hyundai Santa Fe 4X4;Hyundai;Santa
Hyundai Santa Fe 4x4 AT;Hyundai;Santa
Hyundai Santro Asta BSIV;Hyundai;Santro
Hyundai Santro AT;Hyundai;Santro
Hyundai Santro AT CNG;Hyundai;Santro
Hyundai Santro DX;Hyundai;Santro
Hyundai Santro Era;Hyundai;Santro
Hyundai Santro GLS I - Euro I;Hyundai;Santro
Hyundai Santro GLS I - Euro II;Hyundai;Santro
Hyundai Santro GS zipDrive - Euro I;Hyundai;Santro
Hyundai Santro GS zipDrive - Euro II;Hyundai;Santro
Hyundai Santro GS zipPlus;Hyundai;Santro
Hyundai Santro LE;Hyundai;Santro
Hyundai Santro LP - Euro II;Hyundai;Santro
Hyundai Santro LP zipPlus;Hyundai;Santro
Hyundai Santro LS zipPlus;Hyundai;Santro
Hyundai Santro Magna;Hyundai;Santro
Hyundai Santro Magna AMT BSIV;Hyundai;Santro
Hyundai Santro Magna BSIV;Hyundai;Santro
Hyundai Santro Sportz AMT BSIV;Hyundai;Santro
Hyundai Santro Sportz BSIV;Hyundai;Santro
Hyundai Santro Xing (Non-AC);Hyundai;Santro
Hyundai Santro Xing ABS;Hyundai;Santro
Hyundai Santro Xing Base;Hyundai;Santro
Hyundai Santro Xing GL;Hyundai;Santro
Hyundai Santro Xing GL CNG;Hyundai;Santro
Hyundai Santro Xing GL LPG;Hyundai;Santro
Hyundai Santro Xing GL Plus;Hyundai;Santro
Hyundai Santro Xing GL PLUS CNG;Hyundai;Santro
Hyundai Santro Xing GL Plus LPG;Hyundai;Santro
Hyundai Santro Xing GLS;Hyundai;Santro
Hyundai Santro Xing GLS CNG;Hyundai;Santro
Hyundai Santro Xing GLS LPG;Hyundai;Santro
Hyundai Santro Xing XG;Hyundai;Santro
Hyundai Santro Xing XG AT;Hyundai;Santro
Hyundai Santro Xing XG AT eRLX Euro II;Hyundai;Santro
Hyundai Santro Xing XG AT eRLX Euro III;Hyundai;Santro
Hyundai Santro Xing XK eRLX Euro II;Hyundai;Santro
Hyundai Santro Xing XK eRLX EuroIII;Hyundai;Santro
Hyundai Santro Xing XL;Hyundai;Santro
Hyundai Santro Xing XL eRLX Euro II;Hyundai;Santro
Hyundai Santro Xing XO;Hyundai;Santro
Hyundai Santro Xing XO eRLX Euro II;Hyundai;Santro
Hyundai Santro Xing XP;Hyundai;Santro
Hyundai Santro Xing XS;Hyundai;Santro
Hyundai Santro Xing XS eRLX Euro II;Hyundai;Santro
Hyundai Santro Xing XS eRLX Euro III;Hyundai;Santro
Hyundai Sonata 2.0L CRDi MT;Hyundai;Sonata
Hyundai Sonata 2.4 GDi MT;Hyundai;Sonata
Hyundai Sonata 2.4L AT;Hyundai;Sonata
Hyundai Sonata CRDi M/T;Hyundai;Sonata
Hyundai Tucson 2.0 e-VGT 2WD AT GLS;Hyundai;Tucson
Hyundai Tucson CRDi;Hyundai;Tucson
Hyundai Venue SX Plus Dual Tone Turbo DCT;Hyundai;Venue
Hyundai Venue SX Plus Turbo DCT BSIV;Hyundai;Venue
Hyundai Verna 1.4 CRDi;Hyundai;Verna
Hyundai Verna 1.4 CX;Hyundai;Verna
Hyundai Verna 1.4 VTVT;Hyundai;Verna
Hyundai Verna 1.6 CRDI;Hyundai;Verna
Hyundai Verna 1.6 CRDI AT SX Option;Hyundai;Verna
Hyundai Verna 1.6 CRDi EX AT;Hyundai;Verna
Hyundai Verna 1.6 CRDi EX MT;Hyundai;Verna
Hyundai Verna 1.6 CRDi S;Hyundai;Verna
Hyundai Verna 1.6 CRDi S Option;Hyundai;Verna
Hyundai Verna 1.6 CRDi SX;Hyundai;Verna
Hyundai Verna 1.6 SX;Hyundai;Verna
Hyundai Verna 1.6 SX CRDi (O);Hyundai;Verna
Hyundai Verna 1.6 SX CRDI (O) AT;Hyundai;Verna
Hyundai Verna 1.6 SX VTVT (O);Hyundai;Verna
Hyundai Verna 1.6 SX VTVT AT;Hyundai;Verna
Hyundai Verna 1.6 VGT CRDi;Hyundai;Verna
Hyundai Verna 1.6 VTVT;Hyundai;Verna
Hyundai Verna 1.6 VTVT AT SX;Hyundai;Verna
Hyundai Verna 1.6 VTVT S;Hyundai;Verna
Hyundai Verna 1.6 VTVT S Option;Hyundai;Verna
Hyundai Verna 1.6 VTVT SX;Hyundai;Verna
Hyundai Verna 1.6 Xi ABS;Hyundai;Verna
Hyundai Verna CRDi;Hyundai;Verna
Hyundai Verna CRDi 1.4 EX;Hyundai;Verna
Hyundai Verna CRDi 1.6 AT SX Option;Hyundai;Verna
Hyundai Verna CRDi 1.6 AT SX Plus;Hyundai;Verna
Hyundai Verna CRDi 1.6 EX;Hyundai;Verna
Hyundai Verna CRDi 1.6 SX;Hyundai;Verna
Hyundai Verna CRDi 1.6 SX Option;Hyundai;Verna
Hyundai Verna CRDi ABS;Hyundai;Verna
Hyundai Verna CRDi SX;Hyundai;Verna
Hyundai Verna CRDi SX ABS;Hyundai;Verna
Hyundai Verna S;Hyundai;Verna
Hyundai Verna SX;Hyundai;Verna
Hyundai Verna SX CRDi AT;Hyundai;Verna
Hyundai Verna SX Diesel;Hyundai;Verna
Hyundai Verna SX Opt;Hyundai;Verna
Hyundai Verna Transform CRDi VGT SX ABS;Hyundai;Verna
Hyundai Verna Transform SX VGT CRDi;Hyundai;Verna
Hyundai Verna Transform SX VGT CRDi AT BS III;Hyundai;Verna
Hyundai Verna Transform SX VTVT;Hyundai;Verna
Hyundai Verna Transform VGT CRDi;Hyundai;Verna
Hyundai Verna Transform VTVT;Hyundai;Verna
Hyundai Verna VTVT 1.6 AT SX Option;Hyundai;Verna
Hyundai Verna VTVT 1.6 SX;Hyundai;Verna
Hyundai Verna VTVT 1.6 SX Option;Hyundai;Verna
Hyundai Verna Xi (Petrol);Hyundai;Verna
Hyundai Verna XXi ABS (Petrol);Hyundai;Verna
Hyundai Xcent 1.1 CRDi Base;Hyundai;Xcent
Hyundai Xcent 1.1 CRDi S;Hyundai;Xcent
Hyundai Xcent 1.1 CRDi S Option;Hyundai;Xcent
Hyundai Xcent 1.1 CRDi SX;Hyundai;Xcent
Hyundai Xcent 1.1 CRDi SX Option;Hyundai;Xcent
Hyundai Xcent 1.2 CRDi E;Hyundai;Xcent
Hyundai Xcent 1.2 CRDi E Plus;Hyundai;Xcent
Hyundai Xcent 1.2 CRDi S;Hyundai;Xcent
Hyundai Xcent 1.2 CRDi SX;Hyundai;Xcent
Hyundai Xcent 1.2 CRDi SX Option;Hyundai;Xcent
Hyundai Xcent 1.2 Kappa AT S Option;Hyundai;Xcent
Hyundai Xcent 1.2 Kappa AT SX Option;Hyundai;Xcent
Hyundai Xcent 1.2 Kappa Base;Hyundai;Xcent
Hyundai Xcent 1.2 Kappa S;Hyundai;Xcent
Hyundai Xcent 1.2 Kappa S Option;Hyundai;Xcent
Hyundai Xcent 1.2 Kappa SX;Hyundai;Xcent
Hyundai Xcent 1.2 Kappa SX Option;Hyundai;Xcent
Hyundai Xcent 1.2 Kappa SX Option AT;Hyundai;Xcent
Hyundai Xcent 1.2 VTVT E;Hyundai;Xcent
Hyundai Xcent 1.2 VTVT E Plus;Hyundai;Xcent
Hyundai Xcent 1.2 VTVT S;Hyundai;Xcent
Hyundai Xcent 1.2 VTVT S AT;Hyundai;Xcent
Hyundai Xcent 1.2 VTVT SX;Hyundai;Xcent
Hyundai Xcent 1.2 VTVT SX Option;Hyundai;Xcent
Isuzu D-Max V-Cross 4X4;Isuzu;D-Max
Isuzu D-Max V-Cross Z Prestige;Isuzu;D-Max
Isuzu MU 7 AT Premium;Isuzu;Mu
Isuzu MUX 2WD;Isuzu;Mux
Jaguar XE 2016-2019 2.0L Diesel Prestige;Jaguar;Xe
Jaguar XF 2.0 Diesel Portfolio;Jaguar;Xf
Jaguar XF 2.2 Litre Luxury;Jaguar;Xf
Jaguar XF 3.0 Litre S Premium Luxury;Jaguar;Xf
Jaguar XF Diesel;Jaguar;Xf
Jeep Compass 1.4 Limited;Jeep;Compass
Jeep Compass 1.4 Limited Plus BSIV;Jeep;Compass
Jeep Compass 1.4 Sport;Jeep;Compass
Jeep Compass 2.0 Limited;Jeep;Compass
Jeep Compass 2.0 Limited 4X4;Jeep;Compass
Jeep Compass 2.0 Limited Option;Jeep;Compass
Jeep Compass 2.0 Limited Option 4X4;Jeep;Compass
Jeep Compass 2.0 Limited Plus 4X4;Jeep;Compass
Jeep Compass 2.0 Longitude BSIV;Jeep;Compass
Jeep Compass 2.0 Longitude Option BSIV;Jeep;Compass
Jeep Wrangler 2016-2019 3.6 4X4;Jeep;Wrangler
Kia Seltos HTE D;Kia;Seltos
Kia Seltos HTX Plus AT D;Kia;Seltos
Land Rover Discovery Sport TD4 SE;Land Rover;Rover
Land Rover Freelander 2 TD4 HSE;Land Rover;Rover
Land Rover Range Rover Evoque 2.2L Pure;Land Rover;Rover
Lexus ES 300h;Lexus;Es
Mahindra Bolero 2011-2019 Camper;Mahindra;Bolero
Mahindra Bolero 2011-2019 DI - AC BS III;Mahindra;Bolero
Mahindra Bolero 2011-2019 DI 4WD NON AC;Mahindra;Bolero
Mahindra Bolero 2011-2019 DI BSIII;Mahindra;Bolero
Mahindra Bolero 2011-2019 DI NON AC BS III SILVER;Mahindra;Bolero
Mahindra Bolero 2011-2019 DI NON AC BS III White;Mahindra;Bolero
Mahindra Bolero 2011-2019 EX AC;Mahindra;Bolero
Mahindra Bolero 2011-2019 EX NON AC;Mahindra;Bolero
Mahindra Bolero 2011-2019 mHAWK D70 ZLX;Mahindra;Bolero
Mahindra Bolero 2011-2019 Plus - AC BSIII;Mahindra;Bolero
Mahindra Bolero 2011-2019 Plus AC;Mahindra;Bolero
Mahindra Bolero 2011-2019 Plus Non AC;Mahindra;Bolero
Mahindra Bolero 2011-2019 Plus Non AC BSIV PS;Mahindra;Bolero
Mahindra Bolero 2011-2019 Plus-AC Plus PS BSIII;Mahindra;Bolero
Mahindra Bolero 2011-2019 SLE;Mahindra;Bolero
Mahindra Bolero 2011-2019 SLE BSIII;Mahindra;Bolero
Mahindra Bolero 2011-2019 SLX;Mahindra;Bolero
Mahindra Bolero 2011-2019 SLX 2WD BSIII;Mahindra;Bolero
Mahindra Bolero 2011-2019 Special Edition;Mahindra;Bolero
Mahindra Bolero 2011-2019 ZLX;Mahindra;Bolero
Mahindra Bolero 2011-2019 ZLX BSIII;Mahindra;Bolero
Mahindra Bolero B2;Mahindra;Bolero
Mahindra Bolero B4;Mahindra;Bolero
Mahindra Bolero DI;Mahindra;Bolero
Mahindra Bolero DI AC BSIII;Mahindra;Bolero
Mahindra Bolero DI BSIII;Mahindra;Bolero
Mahindra Bolero DI DX 7 Seater;Mahindra;Bolero
Mahindra Bolero DI DX 8 Seater;Mahindra;Bolero
Mahindra Bolero DI Non AC BSIII;Mahindra;Bolero
Mahindra Bolero GLX;Mahindra;Bolero
Mahindra Bolero LX;Mahindra;Bolero
Mahindra Bolero LX Non AC BSIII;Mahindra;Bolero
Mahindra Bolero Pik-Up CBC 1.7T;Mahindra;Bolero
Mahindra Bolero Pik-Up FB 1.7T;Mahindra;Bolero
Mahindra Bolero PLUS AC;Mahindra;Bolero
Mahindra Bolero PLUS AC BSIII;Mahindra;Bolero
Mahindra Bolero Power Plus LX;Mahindra;Bolero
Mahindra Bolero Power Plus Plus AC BSIV PS;Mahindra;Bolero
Mahindra Bolero Power Plus Plus Non AC BSIV PS;Mahindra;Bolero
Mahindra Bolero Power Plus SLE;Mahindra;Bolero
Mahindra Bolero Power Plus SLX;Mahindra;Bolero
Mahindra Bolero Power Plus ZLX;Mahindra;Bolero
Mahindra Bolero SLE;Mahindra;Bolero
Mahindra Bolero SLE BSIII;Mahindra;Bolero
Mahindra Bolero SLX;Mahindra;Bolero
Mahindra Bolero SLX 2WD;Mahindra;Bolero
Mahindra Bolero SLX 2WD BSIII;Mahindra;Bolero
Mahindra Bolero SLX 4WD BSIII;Mahindra;Bolero
Mahindra Bolero VLX CRDe;Mahindra;Bolero
Mahindra Bolero XL 10 Seater Non AC;Mahindra;Bolero
Mahindra Bolero ZLX BSIII;Mahindra;Bolero
Mahindra Ingenio CRDe;Mahindra;Ingenio
Mahindra Jeep CL 500 MDI;Mahindra;Jeep
Mahindra Jeep Classic;Mahindra;Jeep
Mahindra Jeep MM 540;Mahindra;Jeep
Mahindra Jeep MM 550 XDB;Mahindra;Jeep
Mahindra KUV 100 D75 K4 Plus;Mahindra;Kuv
Mahindra KUV 100 D75 K6 Plus;Mahindra;Kuv
Mahindra KUV 100 D75 K6 Plus 5Str;Mahindra;Kuv
Mahindra KUV 100 D75 K8;Mahindra;Kuv
Mahindra KUV 100 D75 K8 Dual Tone;Mahindra;Kuv
Mahindra KUV 100 G80 K2;Mahindra;Kuv
Mahindra KUV 100 G80 K4 Plus;Mahindra;Kuv
Mahindra KUV 100 G80 K4 Plus 5Str;Mahindra;Kuv
Mahindra KUV 100 G80 K6 Plus;Mahindra;Kuv
Mahindra KUV 100 G80 K8;Mahindra;Kuv
Mahindra KUV 100 G80 K8 Dual Tone;Mahindra;Kuv
Mahindra KUV 100 mFALCON D75 K2;Mahindra;Kuv
Mahindra KUV 100 mFALCON D75 K2 Plus;Mahindra;Kuv
Mahindra KUV 100 mFALCON D75 K4;Mahindra;Kuv
Mahindra KUV 100 mFALCON D75 K6;Mahindra;Kuv
Mahindra KUV 100 mFALCON D75 K6 Plus;Mahindra;Kuv
Mahindra KUV 100 mFALCON D75 K8;Mahindra;Kuv
Mahindra KUV 100 mFALCON G80 K2;Mahindra;Kuv
Mahindra KUV 100 mFALCON G80 K4;Mahindra;Kuv
Mahindra KUV 100 mFALCON G80 K4 Plus 5str;Mahindra;Kuv
Mahindra KUV 100 mFALCON G80 K6 AW;Mahindra;Kuv
Mahindra KUV 100 mFALCON G80 K8;Mahindra;Kuv
Mahindra KUV 100 mFALCON G80 K8 5str;Mahindra;Kuv
Mahindra KUV 100 mFALCON G80 K8 5str AW;Mahindra;Kuv
Mahindra KUV 100 mFALCON G80 K8 Dual Tone;Mahindra;Kuv
Mahindra Logan Diesel 1.5 DLE;Mahindra;Logan
Mahindra Logan Diesel 1.5 DLS;Mahindra;Logan
Mahindra Logan Petrol 1.4 GLE;Mahindra;Logan
Mahindra Marazzo M2 8Str BSIV;Mahindra;Marazzo
Mahindra Marazzo M2 BSIV;Mahindra;Marazzo
Mahindra Marazzo M6;Mahindra;Marazzo
Mahindra Marazzo M6 8Str;Mahindra;Marazzo
Mahindra Marazzo M8;Mahindra;Marazzo
Mahindra Marshal DI;Mahindra;Marshal
Mahindra NuvoSport N8;Mahindra;Nuvosport
Mahindra NuvoSport N8 AMT;Mahindra;Nuvosport
Mahindra Quanto C2;Mahindra;Quanto
Mahindra Quanto C4;Mahindra;Quanto
Mahindra Quanto C6;Mahindra;Quanto
Mahindra Quanto C8;Mahindra;Quanto
Mahindra Renault Logan 1.4 GLX Petrol;Mahindra;Renault
Mahindra Renault Logan 1.5 Diesel DLSX;Mahindra;Renault
Mahindra Renault Logan 1.5 DLE Diesel;Mahindra;Renault
Mahindra Renault Logan 1.5 DLX Diesel;Mahindra;Renault
Mahindra Scorpio 1.99 S10;Mahindra;Scorpio
Mahindra Scorpio 1.99 S10 4WD;Mahindra;Scorpio
Mahindra Scorpio 1.99 S4;Mahindra;Scorpio
Mahindra Scorpio 1.99 S4 Plus;Mahindra;Scorpio
Mahindra Scorpio 1.99 S6 Plus;Mahindra;Scorpio
Mahindra Scorpio 1.99 S8;Mahindra;Scorpio
Mahindra Scorpio 2.6 CRDe;Mahindra;Scorpio
Mahindra Scorpio 2.6 CRDe SLE;Mahindra;Scorpio
Mahindra Scorpio 2.6 DX;Mahindra;Scorpio
Mahindra Scorpio 2.6 SLX Turbo 7 Seater;Mahindra;Scorpio
Mahindra Scorpio 2.6 SPORTZ CRDe;Mahindra;Scorpio
Mahindra Scorpio 2.6 Turbo 7 Str;Mahindra;Scorpio
Mahindra Scorpio 2.6 Turbo 9 Str;Mahindra;Scorpio
Mahindra Scorpio 2006-2009 LX 2.6 Turbo 9 Str;Mahindra;Scorpio
Mahindra Scorpio 2006-2009 VLX 2WD 7 Str BSIII;Mahindra;Scorpio
Mahindra Scorpio 2009-2014 EX 2WD 7S;Mahindra;Scorpio
Mahindra Scorpio 2009-2014 EX 2WD 9S;Mahindra;Scorpio
Mahindra Scorpio 2009-2014 EX 9S BSIII;Mahindra;Scorpio
Mahindra Scorpio 2009-2014 SLE 7S BSIII;Mahindra;Scorpio
Mahindra Scorpio 2009-2014 SLE 7S BSIV;Mahindra;Scorpio
Mahindra Scorpio 2009-2014 VLX 2WD 7S BSIV;Mahindra;Scorpio
Mahindra Scorpio EX;Mahindra;Scorpio
Mahindra Scorpio Gateway 2WD;Mahindra;Scorpio
Mahindra Scorpio Getaway;Mahindra;Scorpio
Mahindra Scorpio Intelli Hybrid S10;Mahindra;Scorpio
Mahindra Scorpio Intelli Hybrid S10 4WD;Mahindra;Scorpio
Mahindra Scorpio Intelli Hybrid S6 Plus;Mahindra;Scorpio
Mahindra Scorpio LX;Mahindra;Scorpio
Mahindra Scorpio LX 2.6 Turbo;Mahindra;Scorpio
Mahindra Scorpio LX BSIV;Mahindra;Scorpio
Mahindra Scorpio M2DI;Mahindra;Scorpio
Mahindra Scorpio S10 4WD;Mahindra;Scorpio
Mahindra Scorpio S10 7 Seater;Mahindra;Scorpio
Mahindra Scorpio S11 4WD BSIV;Mahindra;Scorpio
Mahindra Scorpio S11 BSIV;Mahindra;Scorpio
Mahindra Scorpio S2 7 Seater;Mahindra;Scorpio
Mahindra Scorpio S2 9 Seater;Mahindra;Scorpio
Mahindra Scorpio S3 9 Seater BSIV;Mahindra;Scorpio
Mahindra Scorpio S4 7 Seater;Mahindra;Scorpio
Mahindra Scorpio S4 9 Seater;Mahindra;Scorpio
Mahindra Scorpio S4 Plus;Mahindra;Scorpio
Mahindra Scorpio S4 Plus 4WD;Mahindra;Scorpio
Mahindra Scorpio S5 BSIV;Mahindra;Scorpio
Mahindra Scorpio S7 120;Mahindra;Scorpio
Mahindra Scorpio SLE BS IV;Mahindra;Scorpio
Mahindra Scorpio SLE BSIII;Mahindra;Scorpio
Mahindra Scorpio SLE BSIV;Mahindra;Scorpio
Mahindra Scorpio SLX 2.6 Turbo 8 Str;Mahindra;Scorpio
Mahindra Scorpio SLX 4WD;Mahindra;Scorpio
Mahindra Scorpio SLX 4WD LE;Mahindra;Scorpio
Mahindra Scorpio VLS 2.2 mHawk;Mahindra;Scorpio
Mahindra Scorpio VLS AT 2.2 mHAWK;Mahindra;Scorpio
Mahindra Scorpio VLX 2WD ABS AT BSIII;Mahindra;Scorpio
Mahindra Scorpio VLX 2WD AIRBAG AT BSIV;Mahindra;Scorpio
Mahindra Scorpio VLX 2WD AIRBAG BSIII;Mahindra;Scorpio
Mahindra Scorpio VLX 2WD AIRBAG BSIV;Mahindra;Scorpio
Mahindra Scorpio VLX 2WD AIRBAG SE BSIV;Mahindra;Scorpio
Mahindra Scorpio VLX 2WD AT BSIII;Mahindra;Scorpio
Mahindra Scorpio VLX 2WD BSIII;Mahindra;Scorpio
Mahindra Scorpio VLX 2WD BSIV;Mahindra;Scorpio
Mahindra Scorpio VLX 4WD AIRBAG AT BSIV;Mahindra;Scorpio
Mahindra Scorpio VLX 4WD AIRBAG BSIV;Mahindra;Scorpio
Mahindra Scorpio VLX AT AIRBAG BSIV;Mahindra;Scorpio
Mahindra Ssangyong Rexton RX5;Mahindra;Ssangyong
Mahindra Ssangyong Rexton RX7;Mahindra;Ssangyong
Mahindra Supro LX 8 Str;Mahindra;Supro
Mahindra Thar 4X4;Mahindra;Thar
Mahindra Thar CRDe;Mahindra;Thar
Mahindra Thar CRDe ABS;Mahindra;Thar
Mahindra Thar CRDe AC;Mahindra;Thar
Mahindra Thar DI 4X4;Mahindra;Thar
Mahindra Thar DI 4X4 PS;Mahindra;Thar
Mahindra TUV 300 mHAWK100 T8;Mahindra;Tuv
Mahindra TUV 300 mHAWK100 T8 AMT;Mahindra;Tuv
Mahindra TUV 300 mHAWK100 T8 Dual Tone;Mahindra;Tuv
Mahindra TUV 300 Plus P4 BSIV;Mahindra;Tuv
Mahindra TUV 300 T10;Mahindra;Tuv
Mahindra TUV 300 T4;Mahindra;Tuv
Mahindra TUV 300 T4 Plus;Mahindra;Tuv
Mahindra TUV 300 T6;Mahindra;Tuv
Mahindra TUV 300 T6 Plus;Mahindra;Tuv
Mahindra TUV 300 T6 Plus AMT;Mahindra;Tuv
Mahindra TUV 300 T8;Mahindra;Tuv
Mahindra TUV 300 T8 AMT;Mahindra;Tuv
Mahindra Verito 1.4 G4 BSIV;Mahindra;Verito
Mahindra Verito 1.5 D2 BSIII;Mahindra;Verito
Mahindra Verito 1.5 D2 BSIV;Mahindra;Verito
Mahindra Verito 1.5 D4 BSIII;Mahindra;Verito
Mahindra Verito 1.5 D4 BSIV;Mahindra;Verito
Mahindra Verito 1.5 D6 BSIII;Mahindra;Verito
Mahindra Verito 1.5 D6 BSIV;Mahindra;Verito
Mahindra Verito 1.6 G6 Executive BSIII;Mahindra;Verito
Mahindra Verito Vibe 1.5 dCi D4;Mahindra;Verito
Mahindra Verito Vibe 1.5 dCi D6;Mahindra;Verito
Mahindra Willys CJ 3B 4X4;Mahindra;Willys
Mahindra XUV300 W6 Diesel BSIV;Mahindra;Xuv300
Mahindra XUV300 W8;Mahindra;Xuv300
Mahindra XUV300 W8 Option BSIV;Mahindra;Xuv300
Mahindra XUV300 W8 Option Diesel BSIV;Mahindra;Xuv300
Mahindra XUV300 W8 Option Dual Tone Diesel BSIV;Mahindra;Xuv300
Mahindra XUV500 AT W10 AWD;Mahindra;Xuv500
Mahindra XUV500 AT W10 FWD;Mahindra;Xuv500
Mahindra XUV500 AT W6 1.99 mHawk;Mahindra;Xuv500
Mahindra XUV500 AT W6 2WD;Mahindra;Xuv500
Mahindra XUV500 AT W8 FWD;Mahindra;Xuv500
Mahindra XUV500 AT W9 2WD;Mahindra;Xuv500
Mahindra XUV500 W10 1.99 mHawk;Mahindra;Xuv500
Mahindra XUV500 W10 2WD;Mahindra;Xuv500
Mahindra XUV500 W10 AWD;Mahindra;Xuv500
Mahindra XUV500 W11 AT BSIV;Mahindra;Xuv500
Mahindra XUV500 W11 BSIV;Mahindra;Xuv500
Mahindra XUV500 W11 Option AWD;Mahindra;Xuv500
Mahindra XUV500 W11 Option BSIV;Mahindra;Xuv500
Mahindra XUV500 W4;Mahindra;Xuv500
Mahindra XUV500 W4 1.99 mHawk;Mahindra;Xuv500
Mahindra XUV500 W5 BSIV;Mahindra;Xuv500
Mahindra XUV500 W6 2WD;Mahindra;Xuv500
Mahindra XUV500 W7;Mahindra;Xuv500
Mahindra XUV500 W7 BSIV;Mahindra;Xuv500
Mahindra XUV500 W8 2WD;Mahindra;Xuv500
Mahindra XUV500 W8 4WD;Mahindra;Xuv500
Mahindra XUV500 W8 AWD;Mahindra;Xuv500
Mahindra XUV500 W9 2WD;Mahindra;Xuv500
Mahindra XUV500 W9 BSIV;Mahindra;Xuv500
Mahindra Xylo D2;Mahindra;Xylo
Mahindra Xylo D2 BS III;Mahindra;Xylo
Mahindra Xylo D2 BS IV;Mahindra;Xylo
Mahindra Xylo D2 BSIV;Mahindra;Xylo
Mahindra Xylo D2 Maxx;Mahindra;Xylo
Mahindra Xylo D4;Mahindra;Xylo
Mahindra Xylo D4 BSIII;Mahindra;Xylo
Mahindra Xylo D4 BSIV;Mahindra;Xylo
Mahindra Xylo E4;Mahindra;Xylo
Mahindra Xylo E4 8S;Mahindra;Xylo
Mahindra Xylo E4 ABS BS IV;Mahindra;Xylo
Mahindra Xylo E4 BS III;Mahindra;Xylo
Mahindra Xylo E4 BS IV;Mahindra;Xylo
Mahindra Xylo E6;Mahindra;Xylo
Mahindra Xylo E8;Mahindra;Xylo
Mahindra Xylo E8 ABS Airbag;Mahindra;Xylo
Mahindra Xylo E8 ABS Airbag BSIV;Mahindra;Xylo
Mahindra Xylo E8 BS4;Mahindra;Xylo
Mahindra Xylo H4;Mahindra;Xylo
Mahindra Xylo H9;Mahindra;Xylo
Suzuki 800 AC;Suzuki;800
Suzuki 800 AC BSII;Suzuki;800
Suzuki 800 AC BSIII;Suzuki;800
Suzuki 800 AC LPG;Suzuki;800
Suzuki 800 AC Uniq;Suzuki;800
Suzuki 800 DX;Suzuki;800
Suzuki 800 DX 5 Speed;Suzuki;800
Suzuki 800 DX BSII;Suzuki;800
Suzuki 800 EX;Suzuki;800
Suzuki 800 EX 5 Speed;Suzuki;800
Suzuki 800 EX BSII;Suzuki;800
Suzuki 800 Std;Suzuki;800
Suzuki 800 Std BSII;Suzuki;800
Suzuki 800 Std BSIII;Suzuki;800
Suzuki 800 Std MPFi;Suzuki;800
Suzuki 800 Uniq;Suzuki;800
Suzuki Alto 800 Base;Suzuki;Alto
Suzuki Alto 800 CNG LXI;Suzuki;Alto
Suzuki Alto 800 CNG LXI Optional;Suzuki;Alto
Suzuki Alto 800 LX;Suzuki;Alto
Suzuki Alto 800 LX Optional;Suzuki;Alto
Suzuki Alto 800 LXI;Suzuki;Alto
Suzuki Alto 800 LXI Airbag;Suzuki;Alto
Suzuki Alto 800 LXI Anniversary Edition;Suzuki;Alto
Suzuki Alto 800 LXI BSIV;Suzuki;Alto
Suzuki Alto 800 LXI CNG;Suzuki;Alto
Suzuki Alto 800 LXI Optional;Suzuki;Alto
Suzuki Alto 800 VXI;Suzuki;Alto
Suzuki Alto 800 VXI BSIV;Suzuki;Alto
Suzuki Alto 800 VXI Optional;Suzuki;Alto
Suzuki Alto 800 VXI Plus;Suzuki;Alto
Suzuki Alto AX;Suzuki;Alto
Suzuki Alto Green LXi (CNG);Suzuki;Alto
Suzuki Alto K10 2010-2014 VXI;Suzuki;Alto
Suzuki Alto K10 Knightracer;Suzuki;Alto
Suzuki Alto K10 LX;Suzuki;Alto
Suzuki Alto K10 LXI;Suzuki;Alto
Suzuki Alto K10 LXI CNG;Suzuki;Alto
Suzuki Alto K10 VXI;Suzuki;Alto
Suzuki Alto K10 VXI AGS;Suzuki;Alto
Suzuki Alto K10 VXI AGS Optional;Suzuki;Alto
Suzuki Alto K10 VXI Airbag;Suzuki;Alto
Suzuki Alto K10 VXI Optional;Suzuki;Alto
Suzuki Alto LX;Suzuki;Alto
Suzuki Alto LX BSIII;Suzuki;Alto
Suzuki Alto LXi;Suzuki;Alto
Suzuki Alto LXi BSIII;Suzuki;Alto
Suzuki Alto Std;Suzuki;Alto
Suzuki A-Star Lxi;Suzuki;A-Star
Suzuki A-Star Vxi;Suzuki;A-Star
Suzuki A-Star Zxi;Suzuki;A-Star
Suzuki Baleno Alpha;Suzuki;Baleno
Suzuki Baleno Alpha 1.2;Suzuki;Baleno
Suzuki Baleno Alpha 1.3;Suzuki;Baleno
Suzuki Baleno Alpha Automatic;Suzuki;Baleno
Suzuki Baleno Alpha CVT;Suzuki;Baleno
Suzuki Baleno Alpha Diesel;Suzuki;Baleno
Suzuki Baleno Delta;Suzuki;Baleno
Suzuki Baleno Delta 1.2;Suzuki;Baleno
Suzuki Baleno Delta 1.3;Suzuki;Baleno
Suzuki Baleno Delta Automatic;Suzuki;Baleno
Suzuki Baleno Delta Diesel;Suzuki;Baleno
Suzuki Baleno LXI;Suzuki;Baleno
Suzuki Baleno RS 1.0 Petrol;Suzuki;Baleno
Suzuki Baleno Sigma;Suzuki;Baleno
Suzuki Baleno Sigma 1.2;Suzuki;Baleno
Suzuki Baleno Sigma 1.3;Suzuki;Baleno
Suzuki Baleno Zeta;Suzuki;Baleno
Suzuki Baleno Zeta 1.2;Suzuki;Baleno
Suzuki Baleno Zeta 1.3;Suzuki;Baleno
Suzuki Baleno Zeta Automatic;Suzuki;Baleno
Suzuki Baleno Zeta Diesel;Suzuki;Baleno
Suzuki Celerio LDi;Suzuki;Celerio
Suzuki Celerio LXI;Suzuki;Celerio
Suzuki Celerio VDi;Suzuki;Celerio
Suzuki Celerio VXI;Suzuki;Celerio
Suzuki Celerio VXi AMT;Suzuki;Celerio
Suzuki Celerio VXI AT;Suzuki;Celerio
Suzuki Celerio VXI MT BSIV;Suzuki;Celerio
Suzuki Celerio X VXI;Suzuki;Celerio
Suzuki Celerio X VXI Option BSIV;Suzuki;Celerio
Suzuki Celerio X ZXI;Suzuki;Celerio
Suzuki Celerio X ZXI BSIV;Suzuki;Celerio
Suzuki Celerio X ZXI Option BSIV;Suzuki;Celerio
Suzuki Celerio ZDi;Suzuki;Celerio
Suzuki Celerio ZXI;Suzuki;Celerio
Suzuki Celerio ZXI AMT BSIV;Suzuki;Celerio
Suzuki Celerio ZXI AT;Suzuki;Celerio
Suzuki Celerio ZXI MT BSIV;Suzuki;Celerio
Suzuki Celerio ZXI Optional;Suzuki;Celerio
Suzuki Celerio ZXI Optional AMT BSIV;Suzuki;Celerio
Suzuki Celerio ZXI Optional MT BSIV;Suzuki;Celerio
Suzuki Ciaz 1.3 Alpha;Suzuki;Ciaz
Suzuki Ciaz 1.3 Sigma;Suzuki;Ciaz
Suzuki Ciaz 1.3 Zeta;Suzuki;Ciaz
Suzuki Ciaz 1.4 Alpha;Suzuki;Ciaz
Suzuki Ciaz 1.4 Sigma;Suzuki;Ciaz
Suzuki Ciaz Alpha Diesel;Suzuki;Ciaz
Suzuki Ciaz AT ZXi;Suzuki;Ciaz
Suzuki Ciaz Delta Automatic BSIV;Suzuki;Ciaz
Suzuki Ciaz Delta BSIV;Suzuki;Ciaz
Suzuki Ciaz RS ZDi Plus SHVS;Suzuki;Ciaz
Suzuki Ciaz RS ZXi Plus;Suzuki;Ciaz
Suzuki Ciaz S 1.3;Suzuki;Ciaz
Suzuki Ciaz VDi Option SHVS;Suzuki;Ciaz
Suzuki Ciaz VDi Plus;Suzuki;Ciaz
Suzuki Ciaz VDi Plus SHVS;Suzuki;Ciaz
Suzuki Ciaz VDI SHVS;Suzuki;Ciaz
Suzuki Ciaz VXi Plus;Suzuki;Ciaz
Suzuki Ciaz ZDi;Suzuki;Ciaz
Suzuki Ciaz ZDi Plus;Suzuki;Ciaz
Suzuki Ciaz ZDi Plus SHVS;Suzuki;Ciaz
Suzuki Ciaz Zeta;Suzuki;Ciaz
Suzuki Ciaz Zeta Diesel;Suzuki;Ciaz
Suzuki Ciaz ZXi;Suzuki;Ciaz
Suzuki Ciaz ZXi Plus;Suzuki;Ciaz
Suzuki Dzire LXI;Suzuki;Dzire
Suzuki Dzire VXI;Suzuki;Dzire
Suzuki Dzire ZXI;Suzuki;Dzire
Suzuki Eeco 5 Seater AC BSIV;Suzuki;Eeco
Suzuki Eeco 5 STR With AC Plus HTR CNG;Suzuki;Eeco
Suzuki Eeco 7 Seater Standard BSIV;Suzuki;Eeco
Suzuki Eeco CNG 5 Seater AC;Suzuki;Eeco
Suzuki Eeco CNG 5 Seater AC BSIV;Suzuki;Eeco
Suzuki Eeco CNG HTR 5-STR;Suzuki;Eeco
Suzuki Eeco Smiles 5 Seater AC;Suzuki;Eeco
Suzuki Eeco Smiles 7 Seater Standard;Suzuki;Eeco
Suzuki Ertiga 1.5 VDI;Suzuki;Ertiga
Suzuki Ertiga 1.5 ZDI;Suzuki;Ertiga
Suzuki Ertiga BSIV LXI;Suzuki;Ertiga
Suzuki Ertiga BSIV VXI;Suzuki;Ertiga
Suzuki Ertiga BSIV ZXI Plus;Suzuki;Ertiga
Suzuki Ertiga LDI;Suzuki;Ertiga
Suzuki Ertiga LDI Option;Suzuki;Ertiga
Suzuki Ertiga LXI;Suzuki;Ertiga
Suzuki Ertiga SHVS LDI Option;Suzuki;Ertiga
Suzuki Ertiga SHVS VDI;Suzuki;Ertiga
Suzuki Ertiga SHVS ZDI;Suzuki;Ertiga
Suzuki Ertiga SHVS ZDI Plus;Suzuki;Ertiga
Suzuki Ertiga VDI;Suzuki;Ertiga
Suzuki Ertiga VXI;Suzuki;Ertiga
Suzuki Ertiga VXI CNG Limited Edition;Suzuki;Ertiga
Suzuki Ertiga VXI Limited Edition;Suzuki;Ertiga
Suzuki Ertiga VXI Petrol;Suzuki;Ertiga
Suzuki Ertiga ZDI;Suzuki;Ertiga
Suzuki Ertiga ZDI Plus;Suzuki;Ertiga
Suzuki Ertiga ZXI;Suzuki;Ertiga
Suzuki Ertiga ZXI Plus Petrol;Suzuki;Ertiga
Suzuki Esteem AX;Suzuki;Esteem
Suzuki Esteem DI;Suzuki;Esteem
Suzuki Esteem LX;Suzuki;Esteem
Suzuki Esteem LX - BSIII;Suzuki;Esteem
Suzuki Esteem Lxi;Suzuki;Esteem
Suzuki Esteem Lxi - BSIII;Suzuki;Esteem
Suzuki Esteem Vxi - BSII;Suzuki;Esteem
Suzuki Esteem Vxi - BSIII;Suzuki;Esteem
Suzuki Estilo LXI;Suzuki;Estilo
Suzuki Gypsy King Soft Top;Suzuki;Gypsy
Suzuki Gypsy King Soft Top MPI BSIV;Suzuki;Gypsy
Suzuki Gypsy King ST BSIII;Suzuki;Gypsy
Suzuki Ignis 1.2 Alpha BSIV;Suzuki;Ignis
Suzuki Ignis 1.2 AMT Alpha BSIV;Suzuki;Ignis
Suzuki Ignis 1.2 AMT Delta BSIV;Suzuki;Ignis
Suzuki Ignis 1.2 AMT Zeta BSIV;Suzuki;Ignis
Suzuki Ignis 1.2 Delta BSIV;Suzuki;Ignis
Suzuki Ignis 1.2 Zeta BSIV;Suzuki;Ignis
Suzuki Ignis 1.3 Alpha;Suzuki;Ignis
Suzuki Ignis 1.3 AMT Zeta;Suzuki;Ignis
Suzuki Ignis Zeta;Suzuki;Ignis
Suzuki Ignis Zeta AMT;Suzuki;Ignis
Suzuki Omni 5 Seater BSIV;Suzuki;Omni
Suzuki Omni 5 Str STD;Suzuki;Omni
Suzuki Omni 8 Seater BSII;Suzuki;Omni
Suzuki Omni 8 Seater BSIV;Suzuki;Omni
Suzuki Omni BSIII 8-STR W/ IMMOBILISER;Suzuki;Omni
Suzuki Omni CNG;Suzuki;Omni
Suzuki Omni E 8 Str STD;Suzuki;Omni
Suzuki Omni E MPI STD BS IV;Suzuki;Omni
Suzuki Omni Limited Edition;Suzuki;Omni
Suzuki Omni LPG CARGO BSIII W IMMOBILISER;Suzuki;Omni
Suzuki Omni LPG STD BSIV;Suzuki;Omni
Suzuki Omni MPI CARGO BSIV;Suzuki;Omni
Suzuki Omni MPI STD BSIII 8-STR W/ IMMOBILISER;Suzuki;Omni
Suzuki Omni MPI STD BSIV;Suzuki;Omni
Suzuki Ritz Genus VDi;Suzuki;Ritz
Suzuki Ritz LDi;Suzuki;Ritz
Suzuki Ritz LXi;Suzuki;Ritz
Suzuki Ritz VDi;Suzuki;Ritz
Suzuki Ritz VDi ABS;Suzuki;Ritz
Suzuki Ritz VXi;Suzuki;Ritz
Suzuki Ritz VXi (ABS) BS IV;Suzuki;Ritz
Suzuki Ritz ZDi;Suzuki;Ritz
Suzuki Ritz ZXi;Suzuki;Ritz
Suzuki S-Cross 2017-2020 Alpha DDiS 200 SH;Suzuki;S-Cross
Suzuki S-Cross 2017-2020 Delta DDiS 200 SH;Suzuki;S-Cross
Suzuki S-Cross 2017-2020 Sigma DDiS 200 SH;Suzuki;S-Cross
Suzuki S-Cross 2017-2020 Zeta DDiS 200 SH;Suzuki;S-Cross
Suzuki S-Presso VXI AT;Suzuki;S-Presso
Suzuki Swift 1.2 DLX (Only Delhi);Suzuki;Swift
Suzuki Swift 1.3 LXI;Suzuki;Swift
Suzuki Swift 1.3 VXi;Suzuki;Swift
Suzuki Swift 1.3 ZXI;Suzuki;Swift
Suzuki Swift AMT VDI;Suzuki;Swift
Suzuki Swift AMT VVT VXI;Suzuki;Swift
Suzuki Swift AMT VXI;Suzuki;Swift
Suzuki Swift AMT ZDI;Suzuki;Swift
Suzuki Swift AMT ZXI;Suzuki;Swift
Suzuki Swift AMT ZXI BSIV;Suzuki;Swift
Suzuki Swift AMT ZXI Plus BSIV;Suzuki;Swift
Suzuki Swift DDiS LDI;Suzuki;Swift
Suzuki Swift DDiS VDI;Suzuki;Swift
Suzuki Swift Dzire 1.2 Lxi BSIV;Suzuki;Swift
Suzuki Swift Dzire 1.2 Vxi BSIV;Suzuki;Swift
Suzuki Swift Dzire AMT VDI;Suzuki;Swift
Suzuki Swift Dzire AMT VXI;Suzuki;Swift
Suzuki Swift Dzire AMT VXI BS IV;Suzuki;Swift
Suzuki Swift Dzire AMT ZDI;Suzuki;Swift
Suzuki Swift Dzire AMT ZDI Plus;Suzuki;Swift
Suzuki Swift Dzire AMT ZXI;Suzuki;Swift
Suzuki Swift Dzire AMT ZXI Plus;Suzuki;Swift
Suzuki Swift Dzire LDi;Suzuki;Swift
Suzuki Swift Dzire Ldi BSIV;Suzuki;Swift
Suzuki Swift Dzire LDI Optional;Suzuki;Swift
Suzuki Swift Dzire LDIX Limited Edition;Suzuki;Swift
Suzuki Swift Dzire LXI;Suzuki;Swift
Suzuki Swift Dzire LXI 1.2 BS IV;Suzuki;Swift
Suzuki Swift Dzire Tour LDI;Suzuki;Swift
Suzuki Swift Dzire Tour S CNG;Suzuki;Swift
Suzuki Swift Dzire VDI;Suzuki;Swift
Suzuki Swift Dzire Vdi BSIV;Suzuki;Swift
Suzuki Swift Dzire VDI Optional;Suzuki;Swift
Suzuki Swift Dzire VXI;Suzuki;Swift
Suzuki Swift Dzire VXI 1.2;Suzuki;Swift
Suzuki Swift Dzire VXI 1.2 BS IV;Suzuki;Swift
Suzuki Swift Dzire VXi AT;Suzuki;Swift
Suzuki Swift Dzire VXI Optional;Suzuki;Swift
Suzuki Swift Dzire ZDi;Suzuki;Swift
Suzuki Swift Dzire Zdi BSIV;Suzuki;Swift
Suzuki Swift Dzire ZDI Plus;Suzuki;Swift
Suzuki Swift Dzire ZXI;Suzuki;Swift
Suzuki Swift Dzire ZXI Plus;Suzuki;Swift
Suzuki Swift Dzire ZXI Plus BS IV;Suzuki;Swift
Suzuki Swift Glam;Suzuki;Swift
Suzuki Swift LDI;Suzuki;Swift
Suzuki Swift Ldi BSIII;Suzuki;Swift
Suzuki Swift LDI BSIV;Suzuki;Swift
Suzuki Swift LDI Optional;Suzuki;Swift
Suzuki Swift LDI SP Limited Edition;Suzuki;Swift
Suzuki Swift LXI;Suzuki;Swift
Suzuki Swift Lxi BSIII;Suzuki;Swift
Suzuki Swift LXi BSIV;Suzuki;Swift
Suzuki Swift LXI Option;Suzuki;Swift
Suzuki Swift LXI Optional-O;Suzuki;Swift
Suzuki Swift Star VDI;Suzuki;Swift
Suzuki Swift VDI;Suzuki;Swift
Suzuki Swift Vdi BSIII;Suzuki;Swift
Suzuki Swift VDi BSIII W/ ABS;Suzuki;Swift
Suzuki Swift VDI BSIV;Suzuki;Swift
Suzuki Swift VDI BSIV W ABS;Suzuki;Swift
Suzuki Swift VDI Deca;Suzuki;Swift
Suzuki Swift VDI Optional;Suzuki;Swift
Suzuki Swift VDI Windsong Limited edition;Suzuki;Swift
Suzuki Swift VVT VXI;Suzuki;Swift
Suzuki Swift VVT ZXI;Suzuki;Swift
Suzuki Swift VXI;Suzuki;Swift
Suzuki Swift VXI 2018;Suzuki;Swift
Suzuki Swift VXI BSIII;Suzuki;Swift
Suzuki Swift VXI BSIII W/ ABS;Suzuki;Swift
Suzuki Swift VXI BSIV;Suzuki;Swift
Suzuki Swift VXI Deca;Suzuki;Swift
Suzuki Swift VXI Optional;Suzuki;Swift
Suzuki Swift VXI Windsong Limited edition;Suzuki;Swift
Suzuki Swift VXI with ABS;Suzuki;Swift
Suzuki Swift ZDi;Suzuki;Swift
Suzuki Swift ZDI BSIV;Suzuki;Swift
Suzuki Swift ZDI Plus;Suzuki;Swift
Suzuki Swift ZXI;Suzuki;Swift
Suzuki Swift ZXI 2018;Suzuki;Swift
Suzuki Swift ZXI ABS;Suzuki;Swift
Suzuki Swift ZXI BSIII;Suzuki;Swift
Suzuki Swift ZXI BSIV;Suzuki;Swift
Suzuki Swift ZXI Plus;Suzuki;Swift
Suzuki SX4 Celebration Diesel;Suzuki;Sx4
Suzuki SX4 Green Vxi (CNG);Suzuki;Sx4
Suzuki SX4 S Cross 2015-2017 DDiS 200 Alpha;Suzuki;Sx4
Suzuki SX4 S Cross 2015-2017 DDiS 200 Sigma;Suzuki;Sx4
Suzuki SX4 S Cross 2015-2017 DDiS 200 Zeta;Suzuki;Sx4
Suzuki SX4 VDI;Suzuki;Sx4
Suzuki SX4 Vxi BSIII;Suzuki;Sx4
Suzuki SX4 Vxi BSIV;Suzuki;Sx4
Suzuki SX4 ZDI;Suzuki;Sx4
Suzuki SX4 ZDI Leather;Suzuki;Sx4
Suzuki SX4 ZXI AT;Suzuki;Sx4
Suzuki SX4 ZXI AT Leather;Suzuki;Sx4
Suzuki SX4 Zxi BSIII;Suzuki;Sx4
Suzuki SX4 ZXI MT BSIV;Suzuki;Sx4
Suzuki SX4 ZXI MT BSIV Leather;Suzuki;Sx4
Suzuki SX4 Zxi with Leather BSIII;Suzuki;Sx4
Suzuki Vitara Brezza LDi;Suzuki;Vitara
Suzuki Vitara Brezza LDi Option;Suzuki;Vitara
Suzuki Vitara Brezza VDi;Suzuki;Vitara
Suzuki Vitara Brezza VDi AMT;Suzuki;Vitara
Suzuki Vitara Brezza VDi Option;Suzuki;Vitara
Suzuki Vitara Brezza ZDi;Suzuki;Vitara
Suzuki Vitara Brezza ZDi AMT;Suzuki;Vitara
Suzuki Vitara Brezza ZDi Plus;Suzuki;Vitara
Suzuki Vitara Brezza ZDi Plus AMT;Suzuki;Vitara
Suzuki Vitara Brezza ZDi Plus AMT Dual Tone;Suzuki;Vitara
Suzuki Vitara Brezza ZDi Plus Dual Tone;Suzuki;Vitara
Suzuki Vitara Brezza ZXI Plus AT Dual Tone;Suzuki;Vitara
Suzuki Wagon R AMT VXI;Suzuki;Wagon
Suzuki Wagon R AMT VXI Option;Suzuki;Wagon
Suzuki Wagon R AMT VXI Plus;Suzuki;Wagon
Suzuki Wagon R AX;Suzuki;Wagon
Suzuki Wagon R AX BSIII;Suzuki;Wagon
Suzuki Wagon R AX BSIV;Suzuki;Wagon
Suzuki Wagon R AX Minor;Suzuki;Wagon
Suzuki Wagon R CNG LXI;Suzuki;Wagon
Suzuki Wagon R Duo Lxi;Suzuki;Wagon
Suzuki Wagon R LX;Suzuki;Wagon
Suzuki Wagon R LX BSIII;Suzuki;Wagon
Suzuki Wagon R LX Minor;Suzuki;Wagon
Suzuki Wagon R LXI;Suzuki;Wagon
Suzuki Wagon R LXI BS IV;Suzuki;Wagon
Suzuki Wagon R LXI BSIII;Suzuki;Wagon
Suzuki Wagon R LXI CNG;Suzuki;Wagon
Suzuki Wagon R LXI CNG Optional;Suzuki;Wagon
Suzuki Wagon R LXI DUO BS IV;Suzuki;Wagon
Suzuki Wagon R LXI DUO BSIII;Suzuki;Wagon
Suzuki Wagon R LXI LPG BSIV;Suzuki;Wagon
Suzuki Wagon R LXI Minor;Suzuki;Wagon
Suzuki Wagon R LXI Optional;Suzuki;Wagon
Suzuki Wagon R PRIMEA;Suzuki;Wagon
Suzuki Wagon R Stingray VXI;Suzuki;Wagon
Suzuki Wagon R Stingray VXI Optional;Suzuki;Wagon
Suzuki Wagon R VXI;Suzuki;Wagon
Suzuki Wagon R VXI 1.2;Suzuki;Wagon
Suzuki Wagon R VXI AMT 1.2;Suzuki;Wagon
Suzuki Wagon R VXI AMT Opt 1.2;Suzuki;Wagon
Suzuki Wagon R VXI BS IV;Suzuki;Wagon
Suzuki Wagon R VXI BS IV with ABS;Suzuki;Wagon
Suzuki Wagon R VXi BSII;Suzuki;Wagon
Suzuki Wagon R VXI BSIII;Suzuki;Wagon
Suzuki Wagon R VXI Minor;Suzuki;Wagon
Suzuki Wagon R VXI Opt 1.2;Suzuki;Wagon
Suzuki Wagon R VXI Optional;Suzuki;Wagon
Suzuki Wagon R VXI Plus;Suzuki;Wagon
Suzuki Wagon R VXI Plus Optional;Suzuki;Wagon
Suzuki XL6 Alpha;Suzuki;Xl6
Suzuki Zen Base;Suzuki;Zen
Suzuki Zen Classic;Suzuki;Zen
Suzuki Zen D;Suzuki;Zen
Suzuki Zen Estilo 1.1 LX BSIII;Suzuki;Zen
Suzuki Zen Estilo 1.1 LXI BSIII;Suzuki;Zen
Suzuki Zen Estilo 1.1 VXI BSIII;Suzuki;Zen
Suzuki Zen Estilo LX BSIV;Suzuki;Zen
Suzuki Zen Estilo LXI BS IV;Suzuki;Zen
Suzuki Zen Estilo LXI BSIII;Suzuki;Zen
Suzuki Zen Estilo LXI Green (CNG);Suzuki;Zen
Suzuki Zen Estilo Sports;Suzuki;Zen
Suzuki Zen Estilo VXI BSIII;Suzuki;Zen
Suzuki Zen Estilo VXI BSIV;Suzuki;Zen
Suzuki Zen Estilo VXI BSIV W ABS;Suzuki;Zen
Suzuki Zen LX;Suzuki;Zen
Suzuki Zen LX - BS III;Suzuki;Zen
Suzuki Zen LX BSII;Suzuki;Zen
Suzuki Zen LXI;Suzuki;Zen
Suzuki Zen LXi - BS III;Suzuki;Zen
Suzuki Zen Std;Suzuki;Zen
Suzuki Zen VXI;Suzuki;Zen
Suzuki Zen VXi - BS III;Suzuki;Zen
Mercedes-Benz B Class B180;Mercedes-Benz;B
Mercedes-Benz B Class B180 Sports;Mercedes-Benz;B
Mercedes-Benz B Class B200 CDI Sport;Mercedes-Benz;B
Mercedes-Benz CLA 200 CGI Sport;Mercedes-Benz;Cla
Mercedes-Benz E-Class E 220 CDI Avantgarde;Mercedes-Benz;E-Class
Mercedes-Benz E-Class E 250 Elegance;Mercedes-Benz;E-Class
Mercedes-Benz E-Class E250 CDI Avantgarde;Mercedes-Benz;E-Class
Mercedes-Benz E-Class E250 CDI Avantgrade;Mercedes-Benz;E-Class
Mercedes-Benz E-Class E250 CDI Elegance;Mercedes-Benz;E-Class
Mercedes-Benz E-Class E250 Edition E;Mercedes-Benz;E-Class
Mercedes-Benz E-Class E270 CDI;Mercedes-Benz;E-Class
Mercedes-Benz E-Class E350 Petrol;Mercedes-Benz;E-Class
Mercedes-Benz E-Class Exclusive E 200 BSIV;Mercedes-Benz;E-Class
Mercedes-Benz GLA Class 200;Mercedes-Benz;Gla
Mercedes-Benz GLA Class 200 CDI;Mercedes-Benz;Gla
Mercedes-Benz GLA Class 200 CDI SPORT;Mercedes-Benz;Gla
Mercedes-Benz GLA Class 200 D Sport Edition;Mercedes-Benz;Gla
Mercedes-Benz GLC 220d 4MATIC;Mercedes-Benz;Glc
Mercedes-Benz GL-Class 220d 4MATIC Sport;Mercedes-Benz;Gl-Class
Mercedes-Benz GL-Class 350 CDI Blue Efficiency;Mercedes-Benz;Gl-Class
Mercedes-Benz GL-Class 350 CDI Luxury;Mercedes-Benz;Gl-Class
Mercedes-Benz M-Class ML 250 CDI;Mercedes-Benz;M-Class
Mercedes-Benz M-Class ML 350 4Matic;Mercedes-Benz;M-Class
Mercedes-Benz M-Class ML 350 CDI;Mercedes-Benz;M-Class
Mercedes-Benz New C-Class 200 K AT;Mercedes-Benz;New
Mercedes-Benz New C-Class 220 CDI AT;Mercedes-Benz;New
Mercedes-Benz New C-Class 250 CDI Classic;Mercedes-Benz;New
Mercedes-Benz New C-Class C 200 AVANTGARDE;Mercedes-Benz;New
Mercedes-Benz New C-Class C 200 Kompressor Elegance AT;Mercedes-Benz;New
Mercedes-Benz New C-Class C 200 Kompressor Elegance MT;Mercedes-Benz;New
Mercedes-Benz New C-Class C 220 CDI BE Avantgare;Mercedes-Benz;New
Mercedes-Benz New C-Class C 220 CDI Elegance AT;Mercedes-Benz;New
Mercedes-Benz New C-Class C 220 CDI Elegance MT;Mercedes-Benz;New
Mercedes-Benz New C-Class C 250 CDI Elegance;Mercedes-Benz;New
Mercedes-Benz S-Class S 350 CDI;Mercedes-Benz;S-Class
MG Hector Sharp AT BSIV;MG;Hector
MG Hector Sharp DCT Dualtone;MG;Hector
MG Hector Smart DCT;MG;Hector
Mitsubishi Lancer 2.0 GLd;Mitsubishi;Lancer
Mitsubishi Lancer 2.0 L Diesel LX;Mitsubishi;Lancer
Mitsubishi Lancer 2.0 LXd;Mitsubishi;Lancer
Mitsubishi Pajero 2.8 SFX BSIII Single Tone;Mitsubishi;Pajero
Mitsubishi Pajero Sport 4X4;Mitsubishi;Pajero
Mitsubishi Pajero Sport 4X4 Dual Tone;Mitsubishi;Pajero
Mitsubishi Pajero Sport Anniversary Edition;Mitsubishi;Pajero
Nissan Kicks XL BSIV;Nissan;Kicks
Nissan Kicks XV BSIV;Nissan;Kicks
Nissan Kicks XV D BSIV;Nissan;Kicks
Nissan Micra Active XL Petrol;Nissan;Micra
Nissan Micra Active XV;Nissan;Micra
Nissan Micra Active XV S;Nissan;Micra
Nissan Micra Diesel XL;Nissan;Micra
Nissan Micra Diesel XL Optional;Nissan;Micra
Nissan Micra Diesel XV;Nissan;Micra
Nissan Micra Diesel XV Premium;Nissan;Micra
Nissan Micra Fashion Edition XL CVT;Nissan;Micra
Nissan Micra XE;Nissan;Micra
Nissan Micra XL;Nissan;Micra
Nissan Micra XL Optional;Nissan;Micra
Nissan Micra XV;Nissan;Micra
Nissan Micra XV CVT;Nissan;Micra
Nissan Sunny Diesel XL;Nissan;Sunny
Nissan Sunny Diesel XV;Nissan;Sunny
Nissan Sunny XE;Nissan;Sunny
Nissan Sunny XL;Nissan;Sunny
Nissan Sunny XL AT Special Edition;Nissan;Sunny
Nissan Sunny XL D;Nissan;Sunny
Nissan Sunny XV;Nissan;Sunny
Nissan Sunny XV D;Nissan;Sunny
Nissan Sunny XV Special Edition;Nissan;Sunny
Nissan Teana XL;Nissan;Teana
Nissan Terrano XE 85 PS;Nissan;Terrano
Nissan Terrano XL;Nissan;Terrano
Nissan Terrano XL 110 PS;Nissan;Terrano
Nissan Terrano XL 85 PS;Nissan;Terrano
Nissan Terrano XL D Option;Nissan;Terrano
Nissan Terrano XL Plus 85 PS;Nissan;Terrano
Nissan Terrano XV 110 PS;Nissan;Terrano
Nissan Terrano XV D Premium AMT;Nissan;Terrano
Nissan Terrano XV Premium 110 PS;Nissan;Terrano
Opel Astra 1.6;Opel;Astra
Peugeot 309 GLD;Peugeot;309
Renault Captur 1.5 Diesel RXT;Renault;Captur
Renault Duster 110PS Diesel RxL;Renault;Duster
Renault Duster 110PS Diesel RxL AMT;Renault;Duster
Renault Duster 110PS Diesel RxL Explore;Renault;Duster
Renault Duster 110PS Diesel RxZ;Renault;Duster
Renault Duster 110PS Diesel RXZ Optional with Nav;Renault;Duster
Renault Duster 110PS Diesel RxZ Plus;Renault;Duster
Renault Duster 4x4;Renault;Duster
Renault Duster 85PS Diesel RxE;Renault;Duster
Renault Duster 85PS Diesel RxE Adventure;Renault;Duster
Renault Duster 85PS Diesel RxL;Renault;Duster
Renault Duster 85PS Diesel RxL Explore;Renault;Duster
Renault Duster 85PS Diesel RxL Option;Renault;Duster
Renault Duster 85PS Diesel RxL Optional;Renault;Duster
Renault Duster 85PS Diesel RxL Optional with Nav;Renault;Duster
Renault Duster 85PS Diesel RxL Plus;Renault;Duster
Renault Duster 85PS Diesel RxS;Renault;Duster
Renault Duster 85PS Diesel RxZ;Renault;Duster
Renault Duster 85PS Diesel STD;Renault;Duster
Renault Duster Adventure Edition;Renault;Duster
Renault Duster Adventure Edition RXZ AWD;Renault;Duster
Renault Duster Petrol RXS CVT;Renault;Duster
Renault Duster RXL AWD;Renault;Duster
Renault Duster RXZ 110PS AMT BSIV;Renault;Duster
Renault Fluence 1.5;Renault;Fluence
Renault Fluence 2.0;Renault;Fluence
Renault Fluence Diesel E4;Renault;Fluence
Renault Koleos 2.0 Diesel;Renault;Koleos
Renault KWID 1.0;Renault;Kwid
Renault KWID 1.0 RXL;Renault;Kwid
Renault KWID 1.0 RXT 02 Anniversary Edition;Renault;Kwid
Renault KWID 1.0 RXT AMT Opt;Renault;Kwid
Renault KWID 1.0 RXT BSIV;Renault;Kwid
Renault KWID 1.0 RXT Optional;Renault;Kwid
Renault KWID AMT;Renault;Kwid
Renault KWID AMT RXL;Renault;Kwid
Renault KWID Climber 1.0 AMT;Renault;Kwid
Renault KWID Climber 1.0 MT;Renault;Kwid
Renault KWID Climber 1.0 MT BSIV;Renault;Kwid
Renault KWID RXE;Renault;Kwid
Renault KWID RXL;Renault;Kwid
Renault KWID RXT;Renault;Kwid
Renault KWID RXT Optional;Renault;Kwid
Renault Lodgy 85PS RxE;Renault;Lodgy
Renault Lodgy 85PS RxE 7 Seater;Renault;Lodgy
Renault Lodgy 85PS RxL;Renault;Lodgy
Renault Lodgy 85PS RxZ;Renault;Lodgy
Renault Lodgy 85PS Std;Renault;Lodgy
Renault Lodgy Stepway 110PS RXZ 7S;Renault;Lodgy
Renault Lodgy Stepway 85PS RXZ 8S;Renault;Lodgy
Renault Lodgy World Edition 110PS;Renault;Lodgy
Renault Pulse RxL;Renault;Pulse
Renault Pulse RxL Optional;Renault;Pulse
Renault Pulse RxZ;Renault;Pulse
Renault Pulse RxZ Optional;Renault;Pulse
Renault Scala Diesel RxE;Renault;Scala
Renault Scala Diesel RxL;Renault;Scala
Renault Scala Diesel RxZ;Renault;Scala
Renault Triber RXT BSIV;Renault;Triber
Renault Triber RXZ;Renault;Triber
Renault Triber RXZ BSIV;Renault;Triber
Skoda Fabia 1.2 MPI Ambition;Skoda;Fabia
Skoda Fabia 1.2 MPI Ambition Plus;Skoda;Fabia
Skoda Fabia 1.2 TDI Active Plus;Skoda;Fabia
Skoda Fabia 1.2 TDI Ambition Plus;Skoda;Fabia
Skoda Fabia 1.2L Diesel Ambiente;Skoda;Fabia
Skoda Fabia 1.2L Diesel Elegance;Skoda;Fabia
Skoda Fabia 1.4 TDI Ambiente;Skoda;Fabia
Skoda Fabia Scout 1.2 TDI;Skoda;Fabia
Skoda Kodiaq 2.0 TDI Style;Skoda;Kodiaq
Skoda Laura Ambiente;Skoda;Laura
Skoda Laura Ambiente 1.9 PD;Skoda;Laura
Skoda Laura Ambiente 2.0 TDI CR MT;Skoda;Laura
Skoda Octavia Ambiente 1.9 TDI;Skoda;Octavia
Skoda Octavia Ambiente 1.9 TDI MT;Skoda;Octavia
Skoda Octavia Ambition 2.0 TDI MT;Skoda;Octavia
Skoda Octavia Classic 1.9 TDI MT;Skoda;Octavia
Skoda Octavia Elegance 1.8 TSI AT;Skoda;Octavia
Skoda Octavia L and K 1.9 TDI (MT);Skoda;Octavia
Skoda Octavia L and K 1.9 TDI MT;Skoda;Octavia
Skoda Octavia Rider 1.9 AT TDI;Skoda;Octavia
Skoda Octavia RS 1.8 Turbo Petrol MT;Skoda;Octavia
Skoda Octavia Style Plus 2.0 TDI AT;Skoda;Octavia
Skoda Rapid 1.5 TDI Active;Skoda;Rapid
Skoda Rapid 1.5 TDI Ambition;Skoda;Rapid
Skoda Rapid 1.5 TDI Ambition BSIV;Skoda;Rapid
Skoda Rapid 1.5 TDI Ambition Plus;Skoda;Rapid
Skoda Rapid 1.5 TDI AT Ambition;Skoda;Rapid
Skoda Rapid 1.5 TDI AT Ambition Plus;Skoda;Rapid
Skoda Rapid 1.5 TDI AT Style BSIV;Skoda;Rapid
Skoda Rapid 1.5 TDI AT Style Plus;Skoda;Rapid
Skoda Rapid 1.5 TDI Elegance;Skoda;Rapid
Skoda Rapid 1.5 TDI Elegance Black Package;Skoda;Rapid
Skoda Rapid 1.5 TDI Style Plus Black Package;Skoda;Rapid
Skoda Rapid 1.6 MPI Active BSIV;Skoda;Rapid
Skoda Rapid 1.6 MPI Ambition;Skoda;Rapid
Skoda Rapid 1.6 MPI Ambition BSIV;Skoda;Rapid
Skoda Rapid 1.6 MPI Ambition Plus;Skoda;Rapid
Skoda Rapid 1.6 MPI AT Ambition BSIV;Skoda;Rapid
Skoda Rapid 1.6 MPI AT Elegance;Skoda;Rapid
Skoda Rapid 1.6 MPI AT Style Plus;Skoda;Rapid
Skoda Rapid 1.6 MPI Elegance;Skoda;Rapid
Skoda Rapid 1.6 TDI Ambition;Skoda;Rapid
Skoda Rapid 1.6 TDI Ambition Plus;Skoda;Rapid
Skoda Rapid 1.6 TDI Ambition Plus Alloy;Skoda;Rapid
Skoda Rapid 1.6 TDI Elegance;Skoda;Rapid
Skoda Rapid Monte Carlo 1.5 TDI AT BSIV;Skoda;Rapid
Skoda Rapid Ultima 1.6 TDI Elegance;Skoda;Rapid
Skoda Superb 1.8 TSI;Skoda;Superb
Skoda Superb Elegance 1.8 TSI AT;Skoda;Superb
Skoda Superb Elegance 2.0 TDI CR AT;Skoda;Superb
Skoda Superb LK 1.8 TSI AT;Skoda;Superb
Skoda Yeti Ambition 4WD;Skoda;Yeti
Tata Aria Pleasure 4x2;Tata Motors;Aria
Tata Aria Prestige 4x2;Tata Motors;Aria
Tata Aria Pride;Tata Motors;Aria
Tata Aria Pure LX 4x2;Tata Motors;Aria
Tata Bolt Quadrajet XE;Tata Motors;Bolt
Tata Bolt Quadrajet XM;Tata Motors;Bolt
Tata Bolt Revotron XE;Tata Motors;Bolt
Tata Bolt Revotron XM;Tata Motors;Bolt
Tata Estate Std;Tata Motors;Estate
Tata Harrier XZ;Tata Motors;Harrier
Tata Harrier XZ BSIV;Tata Motors;Harrier
Tata Harrier XZ Dark Edition BSIV;Tata Motors;Harrier
Tata Harrier XZ Plus;Tata Motors;Harrier
Tata Hexa XE;Tata Motors;Hexa
Tata Hexa XM;Tata Motors;Hexa
Tata Hexa XT;Tata Motors;Hexa
Tata Hexa XTA;Tata Motors;Hexa
Tata Indica DLS;Tata Motors;Indica
Tata Indica DLX;Tata Motors;Indica
Tata Indica GLS BS IV;Tata Motors;Indica
Tata Indica V2 1.2 GLE BSIII;Tata Motors;Indica
Tata Indica V2 2001-2011 DLS BSIII;Tata Motors;Indica
Tata Indica V2 2001-2011 eLX;Tata Motors;Indica
Tata Indica V2 DiCOR DLG BS-III;Tata Motors;Indica
Tata Indica V2 DL;Tata Motors;Indica
Tata Indica V2 DL BSIII;Tata Motors;Indica
Tata Indica V2 DLE BSII;Tata Motors;Indica
Tata Indica V2 DLE BSIII;Tata Motors;Indica
Tata Indica V2 DLG TC;Tata Motors;Indica
Tata Indica V2 DLS;Tata Motors;Indica
Tata Indica V2 DLS BSIII;Tata Motors;Indica
Tata Indica V2 DLS TC;Tata Motors;Indica
Tata Indica V2 DLX;Tata Motors;Indica
Tata Indica V2 DLX BSII;Tata Motors;Indica
Tata Indica V2 DLX BSIII;Tata Motors;Indica
Tata Indica V2 DLX TC;Tata Motors;Indica
Tata Indica V2 eLS;Tata Motors;Indica
Tata Indica V2 eLX;Tata Motors;Indica
Tata Indica V2 Emax CNG GLX;Tata Motors;Indica
Tata Indica V2 eXeta GLS;Tata Motors;Indica
Tata Indica V2 GLX BSIII;Tata Motors;Indica
Tata Indica V2 LSi;Tata Motors;Indica
Tata Indica V2 Turbomax DLS BS IV;Tata Motors;Indica
Tata Indica Vista Aqua 1.3 Quadrajet;Tata Motors;Indica
Tata Indica Vista Aqua 1.3 Quadrajet (ABS);Tata Motors;Indica
Tata Indica Vista Aqua 1.3 Quadrajet BSIV;Tata Motors;Indica
Tata Indica Vista Aqua 1.4 TDI;Tata Motors;Indica
Tata Indica Vista Aqua TDI BSIII;Tata Motors;Indica
Tata Indica Vista Aura 1.2 Safire (ABS) 90hp BS IV;Tata Motors;Indica
Tata Indica Vista Aura 1.2 Safire (ABS) BS IV;Tata Motors;Indica
Tata Indica Vista Aura 1.2 Safire BSIV;Tata Motors;Indica
Tata Indica Vista Aura 1.3 Quadrajet (ABS);Tata Motors;Indica
Tata Indica Vista Aura 1.3 Quadrajet (ABS) BS IV;Tata Motors;Indica
Tata Indica Vista Aura Plus 1.3 Quadrajet BS IV;Tata Motors;Indica
Tata Indica Vista Aura Safire Anniversary Edition;Tata Motors;Indica
Tata Indica Vista Quadrajet 90 VX;Tata Motors;Indica
Tata Indica Vista Quadrajet LS;Tata Motors;Indica
Tata Indica Vista Quadrajet VX;Tata Motors;Indica
Tata Indica Vista Quadrajet VX Tech;Tata Motors;Indica
Tata Indica Vista Quadrajet ZX;Tata Motors;Indica
Tata Indica Vista Safire GLX;Tata Motors;Indica
Tata Indica Vista TDI LS;Tata Motors;Indica
Tata Indica Vista TDI LX;Tata Motors;Indica
Tata Indica Vista Terra 1.4 TDI;Tata Motors;Indica
Tata Indica Vista Terra Quadrajet 1.3L;Tata Motors;Indica
Tata Indica Vista Terra Quadrajet 1.3L BS IV;Tata Motors;Indica
Tata Indica Vista Terra TDI BSIII;Tata Motors;Indica
Tata Indigo CR4;Tata Motors;Indigo
Tata Indigo CS eGLS BS IV;Tata Motors;Indigo
Tata Indigo CS eGLX BS IV;Tata Motors;Indigo
Tata Indigo CS eLS BS IV;Tata Motors;Indigo
Tata Indigo CS eLX BS IV;Tata Motors;Indigo
Tata Indigo CS eVX;Tata Motors;Indigo
Tata Indigo CS GLS BSIII;Tata Motors;Indigo
Tata Indigo CS GLX BS III;Tata Motors;Indigo
Tata Indigo CS LE (TDI) BS-III;Tata Motors;Indigo
Tata Indigo CS LS (TDI) BS III;Tata Motors;Indigo
Tata Indigo CS LS (TDI) BS-III;Tata Motors;Indigo
Tata Indigo CS LS DiCOR;Tata Motors;Indigo
Tata Indigo CS LX (TDI) BS III;Tata Motors;Indigo
Tata Indigo CS LX (TDI) BS-III;Tata Motors;Indigo
Tata Indigo CS LX DiCOR;Tata Motors;Indigo
Tata Indigo eCS GLS;Tata Motors;Indigo
Tata Indigo eCS GLX;Tata Motors;Indigo
Tata Indigo eCS LE TDI BSIII;Tata Motors;Indigo
Tata Indigo eCS LS TDI BSIII;Tata Motors;Indigo
Tata Indigo eCS LX BSIV;Tata Motors;Indigo
Tata Indigo eCS LX TDI BSIII;Tata Motors;Indigo
Tata Indigo eCS VX BSIV;Tata Motors;Indigo
Tata Indigo GLS;Tata Motors;Indigo
Tata Indigo GLX;Tata Motors;Indigo
Tata Indigo Grand Dicor;Tata Motors;Indigo
Tata Indigo Grand Petrol;Tata Motors;Indigo
Tata Indigo LS;Tata Motors;Indigo
Tata Indigo LS BSII;Tata Motors;Indigo
Tata Indigo LX;Tata Motors;Indigo
Tata Indigo TDI;Tata Motors;Indigo
Tata Indigo V BSIII;Tata Motors;Indigo
Tata Indigo VS;Tata Motors;Indigo
Tata Manza Aqua Quadrajet;Tata Motors;Manza
Tata Manza Aqua Quadrajet BS IV;Tata Motors;Manza
Tata Manza Aqua Safire;Tata Motors;Manza
Tata Manza Aura (ABS) Quadrajet;Tata Motors;Manza
Tata Manza Aura (ABS) Quadrajet BS IV;Tata Motors;Manza
Tata Manza Aura (ABS) Safire;Tata Motors;Manza
Tata Manza Aura (ABS) Safire BS IV;Tata Motors;Manza
Tata Manza Aura Plus Quadrajet;Tata Motors;Manza
Tata Manza Aura Plus Quadrajet BS IV;Tata Motors;Manza
Tata Manza Aura Plus Safire;Tata Motors;Manza
Tata Manza Aura Quadrajet;Tata Motors;Manza
Tata Manza Aura Quadrajet BS IV;Tata Motors;Manza
Tata Manza Aura Safire;Tata Motors;Manza
Tata Manza Club Class Quadrajet90 EX;Tata Motors;Manza
Tata Manza Club Class Quadrajet90 LS;Tata Motors;Manza
Tata Manza Club Class Quadrajet90 LX;Tata Motors;Manza
Tata Manza Club Class Quadrajet90 VX;Tata Motors;Manza
Tata Manza ELAN Quadrajet BS III;Tata Motors;Manza
Tata Manza ELAN Quadrajet BS IV;Tata Motors;Manza
Tata Nano CX;Tata Motors;Nano
Tata Nano Cx BSIII;Tata Motors;Nano
Tata Nano Cx BSIV;Tata Motors;Nano
Tata Nano Lx;Tata Motors;Nano
Tata Nano Lx BSIV;Tata Motors;Nano
Tata Nano LX SE;Tata Motors;Nano
Tata Nano STD;Tata Motors;Nano
Tata Nano Twist XE;Tata Motors;Nano
Tata Nano Twist XT;Tata Motors;Nano
Tata Nano XE;Tata Motors;Nano
Tata Nano XTA;Tata Motors;Nano
Tata New Safari 3L Dicor LX 4x2;Tata Motors;New
Tata New Safari 4X2;Tata Motors;New
Tata New Safari 4X4 EXI BSIII;Tata Motors;New
Tata New Safari DICOR 2.2 EX 4x2;Tata Motors;New
Tata New Safari DICOR 2.2 EX 4x4;Tata Motors;New
Tata New Safari DICOR 2.2 EX 4x4 BS IV;Tata Motors;New
Tata New Safari DICOR 2.2 GX 4x2;Tata Motors;New
Tata New Safari DICOR 2.2 GX 4x2 BS IV;Tata Motors;New
Tata New Safari DICOR 2.2 LX 4x2;Tata Motors;New
Tata New Safari DICOR 2.2 VX 4x2;Tata Motors;New
Tata New Safari DICOR 2.2 VX 4x2 BS IV;Tata Motors;New
Tata New Safari DICOR 2.2 VX 4x4;Tata Motors;New
Tata New Safari Dicor EX 4X2 BS IV;Tata Motors;New
Tata New Safari Dicor GX 4X2 BS IV;Tata Motors;New
Tata New Safari Dicor LX 4X2 BS IV;Tata Motors;New
Tata New Safari Dicor VX 4X2;Tata Motors;New
Tata New Safari Dicor VX 4X2 BS IV;Tata Motors;New
Tata Nexon 1.2 Revotron XE;Tata Motors;Nexon
Tata Nexon 1.2 Revotron XM;Tata Motors;Nexon
Tata Nexon 1.2 Revotron XZ Plus;Tata Motors;Nexon
Tata Nexon 1.2 Revotron XZ Plus Dual Tone;Tata Motors;Nexon
Tata Nexon 1.2 Revotron XZA Plus;Tata Motors;Nexon
Tata Nexon 1.5 Revotorq XE;Tata Motors;Nexon
Tata Nexon 1.5 Revotorq XM;Tata Motors;Nexon
Tata Nexon 1.5 Revotorq XT;Tata Motors;Nexon
Tata Nexon 1.5 Revotorq XZ Plus;Tata Motors;Nexon
Tata Nexon 1.5 Revotorq XZ Plus Dual Tone;Tata Motors;Nexon
Tata Nexon 1.5 Revotorq XZA Plus;Tata Motors;Nexon
Tata Nexon 1.5 Revotorq XZA Plus DualTone;Tata Motors;Nexon
Tata Safari DICOR 2.2 EX 4x2;Tata Motors;Safari
Tata Safari DICOR 2.2 LX 4x2;Tata Motors;Safari
Tata Safari Storme EX;Tata Motors;Safari
Tata Safari Storme LX;Tata Motors;Safari
Tata Safari Storme VX;Tata Motors;Safari
Tata Safari Storme VX Varicor 400;Tata Motors;Safari
Tata Spacio Gold-10/6 Str BSII;Tata Motors;Spacio
Tata Sumo CX;Tata Motors;Sumo
Tata Sumo CX 10 Str BSIV;Tata Motors;Sumo
Tata Sumo CX 9 Seater;Tata Motors;Sumo
Tata Sumo EX;Tata Motors;Sumo
Tata Sumo EX 10/7 Str BSIII;Tata Motors;Sumo
Tata Sumo EX BS IV;Tata Motors;Sumo
Tata Sumo EX TC;Tata Motors;Sumo
Tata Sumo Gold CX BSIII;Tata Motors;Sumo
Tata Sumo Gold EX;Tata Motors;Sumo
Tata Sumo Gold EX BSIII;Tata Motors;Sumo
Tata Sumo Gold GX;Tata Motors;Sumo
Tata Sumo Gold GX BSIII;Tata Motors;Sumo
Tata Sumo GX;Tata Motors;Sumo
Tata Sumo GX 7 Str BSII;Tata Motors;Sumo
Tata Sumo MKII CX BS IV;Tata Motors;Sumo
Tata Sumo MKII GX BS IV;Tata Motors;Sumo
Tata Sumo MKII Turbo 2.0 LX;Tata Motors;Sumo
Tata Sumo SE;Tata Motors;Sumo
Tata Sumo SE Plus BSII;Tata Motors;Sumo
Tata Tiago 1.05 Revotorq XE;Tata Motors;Tiago
Tata Tiago 1.05 Revotorq XM;Tata Motors;Tiago
Tata Tiago 1.05 Revotorq XT;Tata Motors;Tiago
Tata Tiago 1.05 Revotorq XT Option;Tata Motors;Tiago
Tata Tiago 1.05 Revotorq XZ;Tata Motors;Tiago
Tata Tiago 1.05 Revotorq XZ WO Alloy;Tata Motors;Tiago
Tata Tiago 1.2 Revotron XE;Tata Motors;Tiago
Tata Tiago 1.2 Revotron XM;Tata Motors;Tiago
Tata Tiago 1.2 Revotron XM Option;Tata Motors;Tiago
Tata Tiago 1.2 Revotron XT;Tata Motors;Tiago
Tata Tiago 1.2 Revotron XTA;Tata Motors;Tiago
Tata Tiago 1.2 Revotron XZ;Tata Motors;Tiago
Tata Tiago 1.2 Revotron XZ Plus Dual Tone;Tata Motors;Tiago
Tata Tiago 1.2 Revotron XZ WO Alloy;Tata Motors;Tiago
Tata Tiago 1.2 Revotron XZA;Tata Motors;Tiago
Tata Tiago 2019-2020 XZ;Tata Motors;Tiago
Tata Tiago 2019-2020 XZ Plus Diesel;Tata Motors;Tiago
Tata Tiago 2019-2020 XZ Plus Dual Tone;Tata Motors;Tiago
Tata Tiago NRG Petrol;Tata Motors;Tiago
Tata Tiago NRG Petrol AMT;Tata Motors;Tiago
Tata Tiago Wizz 1.05 Revotorq;Tata Motors;Tiago
Tata Tiago XT;Tata Motors;Tiago
Tata Tigor 1.05 Revotorq XM;Tata Motors;Tigor
Tata Tigor 1.05 Revotorq XZ;Tata Motors;Tigor
Tata Tigor 1.05 Revotorq XZ Option;Tata Motors;Tigor
Tata Tigor 1.2 Revotron XE;Tata Motors;Tigor
Tata Tigor 1.2 Revotron XT;Tata Motors;Tigor
Tata Tigor 1.2 Revotron XZ;Tata Motors;Tigor
Tata Tigor 1.2 Revotron XZ Option;Tata Motors;Tigor
Tata Tigor 1.2 Revotron XZA;Tata Motors;Tigor
Tata Tigor 2017-2020 XZ;Tata Motors;Tigor
Tata Tigor 2017-2020 XZ Plus;Tata Motors;Tigor
Tata Tigor 2017-2020 XZ Plus Diesel;Tata Motors;Tigor
Tata Venture EX 7 Str;Tata Motors;Venture
Tata Venture EX 7 Str Captain Seats;Tata Motors;Venture
Tata Venture LX 7 Str;Tata Motors;Venture
Tata Winger Deluxe - Flat Roof (Non-AC);Tata Motors;Winger
Tata Xenon XT EX 4X2;Tata Motors;Xenon
Tata Xenon XT EX 4X4;Tata Motors;Xenon
Tata Zest Quadrajet 1.3 75PS XE;Tata Motors;Zest
Tata Zest Quadrajet 1.3 75PS XM;Tata Motors;Zest
Tata Zest Quadrajet 1.3 75PS XMS;Tata Motors;Zest
Tata Zest Quadrajet 1.3 Anniversary Edition;Tata Motors;Zest
Tata Zest Quadrajet 1.3 XM;Tata Motors;Zest
Tata Zest Quadrajet 1.3 XMS;Tata Motors;Zest
Tata Zest Quadrajet 1.3 XT;Tata Motors;Zest
Tata Zest Revotron 1.2 XT;Tata Motors;Zest
Tata Zest Revotron 1.2T XM;Tata Motors;Zest
Tata Zest Revotron 1.2T XMS;Tata Motors;Zest
Toyota Camry 2.5 Hybrid;Toyota;Camry
Toyota Camry V4 (MT);Toyota;Camry
Toyota Camry W4 (AT);Toyota;Camry
Toyota Corolla AE;Toyota;Corolla
Toyota Corolla Altis 1.4 DGL;Toyota;Corolla
Toyota Corolla Altis 1.8 G;Toyota;Corolla
Toyota Corolla Altis 1.8 G CVT;Toyota;Corolla
Toyota Corolla Altis 1.8 J;Toyota;Corolla
Toyota Corolla Altis 1.8 Sport;Toyota;Corolla
Toyota Corolla Altis 1.8 VL AT;Toyota;Corolla
Toyota Corolla Altis 1.8 VL CVT;Toyota;Corolla
Toyota Corolla Altis D-4D G;Toyota;Corolla
Toyota Corolla Altis D-4D J;Toyota;Corolla
Toyota Corolla Altis Diesel D4DG;Toyota;Corolla
Toyota Corolla Altis Diesel D4DJ;Toyota;Corolla
Toyota Corolla Altis G;Toyota;Corolla
Toyota Corolla Altis JS MT;Toyota;Corolla
Toyota Corolla DX;Toyota;Corolla
Toyota Corolla H2;Toyota;Corolla
Toyota Etios 1.4 VXD;Toyota;Etios
Toyota Etios 1.5 V;Toyota;Etios
Toyota Etios Cross 1.2L G;Toyota;Etios
Toyota Etios Cross 1.4L GD;Toyota;Etios
Toyota Etios Diesel TRD Sportivo;Toyota;Etios
Toyota Etios G;Toyota;Etios
Toyota Etios G Safety;Toyota;Etios
Toyota Etios GD;Toyota;Etios
Toyota Etios GD SP;Toyota;Etios
Toyota Etios Liva 1.2 V Dual Tone;Toyota;Etios
Toyota Etios Liva 1.4 GD;Toyota;Etios
Toyota Etios Liva 1.4 VD;Toyota;Etios
Toyota Etios Liva Diesel;Toyota;Etios
Toyota Etios Liva Diesel TRD Sportivo;Toyota;Etios
Toyota Etios Liva G;Toyota;Etios
Toyota Etios Liva GD;Toyota;Etios
Toyota Etios Liva GD SP;Toyota;Etios
Toyota Etios Liva VD;Toyota;Etios
Toyota Etios Liva VXD;Toyota;Etios
Toyota Etios V;Toyota;Etios
Toyota Etios VD;Toyota;Etios
Toyota Etios VX;Toyota;Etios
Toyota Etios VXD;Toyota;Etios
Toyota Fortuner 2.5 4x2 MT TRD Sportivo;Toyota;Fortuner
Toyota Fortuner 2.8 2WD AT BSIV;Toyota;Fortuner
Toyota Fortuner 2.8 2WD MT;Toyota;Fortuner
Toyota Fortuner 2.8 2WD MT BSIV;Toyota;Fortuner
Toyota Fortuner 2.8 4WD AT BSIV;Toyota;Fortuner
Toyota Fortuner 2.8 4WD MT BSIV;Toyota;Fortuner
Toyota Fortuner 3.0 Diesel;Toyota;Fortuner
Toyota Fortuner 4x2 4 Speed AT;Toyota;Fortuner
Toyota Fortuner 4x2 AT;Toyota;Fortuner
Toyota Fortuner 4x2 AT TRD Sportivo;Toyota;Fortuner
Toyota Fortuner 4x2 Manual;Toyota;Fortuner
Toyota Fortuner 4x4 AT;Toyota;Fortuner
Toyota Fortuner 4x4 MT;Toyota;Fortuner
Toyota Glanza G CVT;Toyota;Glanza
Toyota Glanza G Smart Hybrid;Toyota;Glanza
Toyota Glanza V CVT;Toyota;Glanza
Toyota Innova 2.5 E 7 STR;Toyota;Innova
Toyota Innova 2.5 E Diesel MS 7-seater;Toyota;Innova
Toyota Innova 2.5 E Diesel MS 8-seater;Toyota;Innova
Toyota Innova 2.5 E Diesel PS 7-Seater;Toyota;Innova
Toyota Innova 2.5 EV (Diesel) PS 7 Seater BS IV;Toyota;Innova
Toyota Innova 2.5 EV (Diesel) PS 8 Seater BS IV;Toyota;Innova
Toyota Innova 2.5 EV Diesel MS 7 Str BSIII;Toyota;Innova
Toyota Innova 2.5 EV Diesel PS 7 Seater BSIII;Toyota;Innova
Toyota Innova 2.5 EV PS 8 STR BSIV;Toyota;Innova
Toyota Innova 2.5 G (Diesel) 7 Seater;Toyota;Innova
Toyota Innova 2.5 G (Diesel) 7 Seater BS IV;Toyota;Innova
Toyota Innova 2.5 G (Diesel) 8 Seater;Toyota;Innova
Toyota Innova 2.5 G (Diesel) 8 Seater BS IV;Toyota;Innova
Toyota Innova 2.5 G1 Diesel 8-seater;Toyota;Innova
Toyota Innova 2.5 G2;Toyota;Innova
Toyota Innova 2.5 G4 Diesel 7-seater;Toyota;Innova
Toyota Innova 2.5 G4 Diesel 8-seater;Toyota;Innova
Toyota Innova 2.5 GX (Diesel) 7 Seater;Toyota;Innova
Toyota Innova 2.5 GX (Diesel) 8 Seater;Toyota;Innova
Toyota Innova 2.5 GX (Diesel) 8 Seater BS IV;Toyota;Innova
Toyota Innova 2.5 GX 7 STR;Toyota;Innova
Toyota Innova 2.5 GX 8 STR;Toyota;Innova
Toyota Innova 2.5 GX 8 STR BSIV;Toyota;Innova
Toyota Innova 2.5 V Diesel 7-seater;Toyota;Innova
Toyota Innova 2.5 V Diesel 8-seater;Toyota;Innova
Toyota Innova 2.5 VX (Diesel) 7 Seater;Toyota;Innova
Toyota Innova 2.5 VX (Diesel) 7 Seater BS IV;Toyota;Innova
Toyota Innova 2.5 VX (Diesel) 8 Seater;Toyota;Innova
Toyota Innova 2.5 VX (Diesel) 8 Seater BS IV;Toyota;Innova
Toyota Innova 2.5 VX 7 STR;Toyota;Innova
Toyota Innova 2.5 VX 8 STR;Toyota;Innova
Toyota Innova 2.5 VX 8 STR BSIV;Toyota;Innova
Toyota Innova 2.5 Z Diesel 7 Seater;Toyota;Innova
Toyota Innova 2.5 Z Diesel 7 Seater BS IV;Toyota;Innova
Toyota Innova 2.5 ZX Diesel 7 Seater BSIII;Toyota;Innova
Toyota Innova Crysta 2.4 G MT 8 STR;Toyota;Innova
Toyota Innova Crysta 2.4 GX MT 8S BSIV;Toyota;Innova
Toyota Innova Crysta 2.4 GX MT BSIV;Toyota;Innova
Toyota Innova Crysta 2.4 VX MT;Toyota;Innova
Toyota Innova Crysta 2.4 VX MT 8S BSIV;Toyota;Innova
Toyota Innova Crysta 2.4 VX MT BSIV;Toyota;Innova
Toyota Innova Crysta 2.4 ZX AT;Toyota;Innova
Toyota Innova Crysta 2.4 ZX MT;Toyota;Innova
Toyota Innova Crysta 2.4 ZX MT BSIV;Toyota;Innova
Toyota Innova Crysta 2.5 VX BS IV;Toyota;Innova
Toyota Innova Crysta 2.7 GX AT 8 STR;Toyota;Innova
Toyota Innova Crysta 2.7 ZX AT BSIV;Toyota;Innova
Toyota Innova Crysta 2.8 GX AT 8S BSIV;Toyota;Innova
Toyota Innova Crysta 2.8 GX AT BSIV;Toyota;Innova
Toyota Innova Crysta 2.8 ZX AT BSIV;Toyota;Innova
Toyota Land Cruiser Prado VX L;Toyota;Land
Toyota Platinum Etios 1.4 GD;Toyota;Platinum
Toyota Platinum Etios 1.4 GXD;Toyota;Platinum
Toyota Premio Base;Toyota;Premio
Toyota Qualis Fleet A3;Toyota;Qualis
Toyota Qualis FS B3;Toyota;Qualis
Toyota Qualis FS F7;Toyota;Qualis
Toyota Qualis GS C1;Toyota;Qualis
Toyota Qualis GS G1;Toyota;Qualis
Toyota Yaris V BSIV;Toyota;Yaris
Toyota Yaris V CVT BSIV;Toyota;Yaris
Volkswagen Ameo 1.0 MPI Comfortline;Volkswagen;Ameo
Volkswagen Ameo 1.0 MPI Trendline;Volkswagen;Ameo
Volkswagen Ameo 1.2 MPI Comfortline;Volkswagen;Ameo
Volkswagen Ameo 1.2 MPI Comfortline Plus;Volkswagen;Ameo
Volkswagen Ameo 1.2 MPI Highline;Volkswagen;Ameo
Volkswagen Ameo 1.2 MPI Highline Plus 16;Volkswagen;Ameo
Volkswagen Ameo 1.5 TDI Comfortline;Volkswagen;Ameo
Volkswagen Ameo 1.5 TDI Comfortline AT;Volkswagen;Ameo
Volkswagen Ameo 1.5 TDI Highline 16 Alloy;Volkswagen;Ameo
Volkswagen Ameo 1.5 TDI Highline Plus;Volkswagen;Ameo
Volkswagen Ameo 1.5 TDI Highline Plus 16 AT;Volkswagen;Ameo
Volkswagen Ameo 1.5 TDI Trendline;Volkswagen;Ameo
Volkswagen CrossPolo 1.5 TDI;Volkswagen;Crosspolo
Volkswagen GTI 1.8 TSI;Volkswagen;Gti
Volkswagen Jetta 1.6 Trendline;Volkswagen;Jetta
Volkswagen Jetta 2.0 TDI Comfortline;Volkswagen;Jetta
Volkswagen Jetta 2.0L TDI Comfortline;Volkswagen;Jetta
Volkswagen Jetta 2.0L TDI Highline;Volkswagen;Jetta
Volkswagen Jetta 2.0L TDI Highline AT;Volkswagen;Jetta
Volkswagen Multivan TDI;Volkswagen;Multivan
Volkswagen Passat 1.8 TSI MT;Volkswagen;Passat
Volkswagen Passat 2.0 TDI AT Highline;Volkswagen;Passat
Volkswagen Passat Highline DSG S;Volkswagen;Passat
Volkswagen Passat Highline DSG S (Spl. Edition);Volkswagen;Passat
Volkswagen Polo 1.0 MPI Trendline BSIV;Volkswagen;Polo
Volkswagen Polo 1.0 TSI Highline Plus;Volkswagen;Polo
Volkswagen Polo 1.2 MPI Comfortline;Volkswagen;Polo
Volkswagen Polo 1.2 MPI Highline;Volkswagen;Polo
Volkswagen Polo 1.5 TDI Comfortline;Volkswagen;Polo
Volkswagen Polo 1.5 TDI Highline;Volkswagen;Polo
Volkswagen Polo 2015-2019 1.0 MPI Comfortline;Volkswagen;Polo
Volkswagen Polo 2015-2019 1.0 MPI Highline Plus;Volkswagen;Polo
Volkswagen Polo 2015-2019 1.0 MPI Trendline;Volkswagen;Polo
Volkswagen Polo 2015-2019 1.2 MPI Highline Plus;Volkswagen;Polo
Volkswagen Polo 2015-2019 1.5 TDI Highline Plus;Volkswagen;Polo
Volkswagen Polo 2015-2019 GT 1.5 TDI;Volkswagen;Polo
Volkswagen Polo Diesel Comfortline 1.2L;Volkswagen;Polo
Volkswagen Polo Diesel Highline 1.2L;Volkswagen;Polo
Volkswagen Polo Diesel Trendline 1.2L;Volkswagen;Polo
Volkswagen Polo GT TDI;Volkswagen;Polo
Volkswagen Polo GT TSI;Volkswagen;Polo
Volkswagen Polo GT TSI BSIV;Volkswagen;Polo
Volkswagen Polo Petrol Comfortline 1.2L;Volkswagen;Polo
Volkswagen Polo Petrol Highline 1.2L;Volkswagen;Polo
Volkswagen Polo Petrol Trendline 1.2L;Volkswagen;Polo
Volkswagen Polo Select 1.2 MPI Highline;Volkswagen;Polo
Volkswagen Polo Select 1.5 TDI Highline;Volkswagen;Polo
Volkswagen Vento 1.5 Highline Plus AT 16 Alloy;Volkswagen;Vento
Volkswagen Vento 1.5 TDI Comfortline;Volkswagen;Vento
Volkswagen Vento 1.5 TDI Highline;Volkswagen;Vento
Volkswagen Vento 1.5 TDI Highline AT;Volkswagen;Vento
Volkswagen Vento 1.5 TDI Highline BSIV;Volkswagen;Vento
Volkswagen Vento 1.5 TDI Highline Plus AT;Volkswagen;Vento
Volkswagen Vento 1.5 TDI Highline Plus AT BSIV;Volkswagen;Vento
Volkswagen Vento 1.6 Highline;Volkswagen;Vento
Volkswagen Vento Diesel Breeze;Volkswagen;Vento
Volkswagen Vento Diesel Comfortline;Volkswagen;Vento
Volkswagen Vento Diesel Highline;Volkswagen;Vento
Volkswagen Vento Diesel Trendline;Volkswagen;Vento
Volkswagen Vento IPL II Diesel Trendline;Volkswagen;Vento
Volkswagen Vento Konekt Diesel Highline;Volkswagen;Vento
Volkswagen Vento Petrol Highline;Volkswagen;Vento
Volkswagen Vento Petrol Highline AT;Volkswagen;Vento
Volkswagen Vento Petrol Trendline;Volkswagen;Vento
Volvo S60 D4 SUMMUM;Volvo;S60
Volvo S90 D4 Inscription BSIV;Volvo;S90
Volvo V40 Cross Country D3;Volvo;V40
Volvo V40 D3 R-Design;Volvo;V40
Volvo XC40 D4 Inscription BSIV;Volvo;Xc40
Volvo XC40 D4 R-Design;Volvo;Xc40
Volvo XC60 Inscription D5 BSIV;Volvo;Xc60
Volvo XC90 T8 Excellence BSIV;Volvo;Xc90
